# callgrind format
version: 1
creator: callgrind-3.18.1
pid: 11083
cmd:  make run OUT=../poly1305_optimization/data_files/poly1305.txt FUNC_NAME=poly_tag
part: 1


desc: I1 cache: 
desc: D1 cache: 
desc: LL cache: 

desc: Timerange: Basic block 0 - 1526960
desc: Trigger: Program termination

positions: line
events: Ir
summary: 6264808


ob=(3) /usr/lib/x86_64-linux-gnu/libc.so.6
fl=(122) ./string/../sysdeps/x86_64/multiarch/stpcpy.c
fn=(392) stpcpy
33 2
fi=(101) ./string/../sysdeps/x86_64/multiarch/ifunc-strcpy.h
+3 4
+1 2
-1 4
+1 4
+2 4
+4 6
+3 6
fe=(122)
-13 2

fl=(182) ./stdlib/../sysdeps/unix/sysv/linux/getrandom.c
fn=(626) getrandom
28 1
+1 7
+1 1

fl=(243) ./io/../sysdeps/posix/isatty.c
fn=(1248) isatty
24 10
+3 4
cfi=(244) ./termios/../sysdeps/unix/sysv/linux/tcgetattr.c
cfn=(1250) tcgetattr
calls=2 +7 
* 80
* 4
+1 12

fl=(96) ./string/../sysdeps/x86_64/multiarch/strchr.c
fn=(322) index
61 2
-20 4
+1 2
-1 4
-1 4
+2 4
+2 4
+4 6
+3 6
+10 2

fl=(116) ./string/../sysdeps/x86_64/multiarch/strcpy.c
fn=(374) strcpy
29 2
fi=(101)
+7 4
+1 2
-1 4
+1 4
+2 4
+4 6
+3 6
fe=(116)
-17 2

fl=(300) ./nptl/./nptl/pthread_mutex_unlock.c
fn=(3658) pthread_mutex_unlock@@GLIBC_2.2.5
367 1
51 3
+1 2
367 1
57 2
+8 1
-3 1
-23 1
+1 2
+30 1
369 2
40 3
+1 2
+33 2
+6 4
+4 3
+3 3

fl=(123) ./string/../sysdeps/x86_64/multiarch/memchr.c
fn=(396) memchr
29 1
fi=(124) ./string/../sysdeps/x86_64/multiarch/ifunc-evex.h
+6 5
-1 2
+2 3
+5 2
-3 2
+9 3
+3 4
fe=(123)
-21 1

fl=(163) ./locale/./locale/setlocale.c
fn=(820) new_composite_name
139 8
+2 1
-2 1
+5 1
-5 6
+12 12
-4 26
+3 12
+2 24
cob=(2) ???
cfi=(51) ???
cfn=(580) 0x0000000004874490
calls=12 0 
* 192
* 12
+1 48
+1 83
cob=(2)
cfi=(51)
cfn=(574) 0x0000000004874690
calls=11 0 
* 253
* 33
-8 24
+12 2
+3 5
cob=(2)
cfi=(51)
cfn=(574)
calls=1 0 
* 23
* 2
+1 3
cob=(2)
cfi=(51)
cfn=(574)
calls=1 0 
* 23
* 2
+3 3
cob=(2)
cfi=(51)
cfn=(618) 0x0000000004874380
calls=1 0 
* 183
* 1
+2 2
+21 1
-21 2
+21 6
-21 1
cob=(2)
cfi=(51)
cfn=(650) 0x0000000004874620
calls=1 0 
* 15

fn=(568) setlocale
218 12
+7 3
+5 3
+4 1
+2 2
-2 1
+2 2
-2 1
cfi=(164) ./nptl/./nptl/pthread_rwlock_wrlock.c
cfn=(570) pthread_rwlock_wrlock@@GLIBC_2.34
calls=1 23 
* 57
+2 3
cob=(2)
cfi=(51)
cfn=(574)
calls=1 0 
* 23
* 3
+16 2
-3 2
+1 1
+2 1
cfi=(167) ./stdlib/./stdlib/getenv.c
cfn=(578) getenv
calls=1 34 
* 301
+1 3
+12 2
+16 2
-2 6
+2 1
cob=(2)
cfi=(51)
cfn=(588) 0x0000000004874600
calls=1 0 
* 23
* 3
+53 3
+25 2
-22 6
cfi=(170) ./locale/./locale/findlocale.c
cfn=(592) _nl_find_locale
calls=1 103 
* 62505
* 66
cfi=(170)
cfn=(592)
calls=11 103 
* 125867
* 12
+4 24
+14 24
+1 12
+3 48
+2 60
cob=(2)
cfi=(51)
cfn=(574)
calls=12 0 
* 276
* 36
-27 48
+1 22
-1 2
468 12
-93 4
cfn=(820)
calls=1 139 
* 1010
+1 34
+4 26
210 12
+1 12
-1 12
+1 36
+1 1
cfi=(224) ./locale/./locale/lc-ctype.c
cfn=(822) _nl_postload_ctype
calls=1 33 
* 46
383 12
195 36
+3 24
+3 12
379 24
195 4
+3 2
+3 1
389 3
+9 2
cfi=(225) ./nptl/./nptl/pthread_rwlock_unlock.c
cfn=(824) pthread_rwlock_unlock@@GLIBC_2.34
calls=1 30 
* 42
+3 2
cob=(2)
cfi=(51)
cfn=(652) 0x0000000004874370
calls=1 0 
* 6
+1 2
cob=(2)
cfi=(51)
cfn=(652)
calls=1 0 
* 6
+2 1
-38 12
cfi=(223) ./string/./string/strdup.c
cfn=(818) strdup
calls=12 40 
* 2862
* 12
+1 24
-32 40

fl=(274) ./libio/./libio/iofputs.c
fn=(3220) fputs
32 104
+1 13
cob=(2)
cfi=(51)
cfn=(580)
calls=13 -33 
* 400
* 13
+3 169
+1 40
+1 1
fi=(201) ./libio/./libio/libioP.h
940 3
+2 2
+1 2
fe=(274)
38 12
fi=(201)
940 36
+2 24
+1 24
fe=(274)
38 52
cfi=(191) ./libio/./libio/fileops.c
cfn=(3222) _IO_file_xsputn@@GLIBC_2.2.5
calls=13 1197 
* 8884
+1 13
-1 26
fi=(201)
883 26
fe=(274)
42 91
-5 24
fi=(201)
884 117
fe=(274)

fl=(154) ./libio/./libio/vtables.c
fn=(514) check_stdfiles_vtables
83 1
+1 4
+1 3
+1 3
+2 1

fl=(178) ./misc/../sysdeps/unix/sysv/linux/getpagesize.c
fn=(610) getpagesize
27 12
+1 48
+2 12

fl=(241) ./posix/./posix/getopt1.c
fn=(1090) getopt_long
30 6
+1 9
cfi=(242) ./posix/./posix/getopt.c
cfn=(1092) _getopt_internal
calls=3 705 
* 292
+2 6

fl=(261) ./dirent/../sysdeps/unix/sysv/linux/opendir.c
fn=(1488) opendir
82 40
-49 10
+53 10
cfi=(187) ./io/../sysdeps/unix/sysv/linux/open64_nocancel.c
cfn=(660) __open_nocancel
calls=5 -58 
* 135
* 5
-40 10
+7 15
cfi=(197) ./io/../sysdeps/unix/sysv/linux/fstat64.c
cfn=(704) fstat
calls=5 -24 
* 75
* 10
+2 20
+57 35
+3 10
cob=(2)
cfi=(51)
cfn=(618)
calls=5 0 
* 1448
* 5
+1 10
+7 5
+2 5
+2 5
+1 5
+1 5
+1 5
+1 5
-44 45

fl=(232) ./signal/./signal/sigaction.c
fn=(860) sigaction
26 9
+1 27
fi=(231) ./signal/../sysdeps/unix/sysv/linux/internal-signals.h
+25 9
fe=(232)
-25 18
+6 9
cfi=(233) ./signal/../sysdeps/unix/sysv/linux/libc_sigaction.c
cfn=(864) __libc_sigaction
calls=9 +10 
* 675

fl=(247) ./misc/./misc/fd_to_filename.c
fn=(1258) __fd_to_filename
27 4
+1 4
+2 4
+2 4
-2 4
+2 2
-2 6
+2 2
cfi=(248) ./stdio-common/./stdio-common/_itoa.c
cfn=(1260) _fitoa_word
calls=2 459 
* 122
* 2
+3 6

fl=(270) ./time/../sysdeps/unix/sysv/linux/clock_gettime.c
fn=(2474) clock_gettime@@GLIBC_2.17
30 1
+8 2
+2 2
+28 2
+1 2
-25 1
+42 1

fl=(98) ./string/../sysdeps/x86_64/multiarch/memmove.c
fn=(328) memmove
29 3
fi=(93) ./string/../sysdeps/x86_64/multiarch/ifunc-memmove.h
+24 9
-1 6
+4 9
+14 6
+2 6
+8 6
+8 6
+2 15
fe=(98)

fl=(235) ./libio/./libio/fileno.c
fn=(882) fileno
32 86
+3 430
+7 86

fl=(295) ./posix/../sysdeps/unix/sysv/linux/wait4.c
fn=(3380) wait4
27 26
+3 91
+79 13

fl=(83) ./string/../sysdeps/x86_64/multiarch/strnlen.c
fn=(294) strnlen
31 2
fi=(84) ./string/../sysdeps/x86_64/multiarch/ifunc-avx2.h
+2 10
-1 4
+2 6
+2 4
+4 6
+3 8
fe=(83)
-12 2

fl=(112) ./wcsmbs/../sysdeps/x86_64/multiarch/wmemset.c
fn=(362) wmemset
31 2
fi=(113) ./wcsmbs/../sysdeps/x86_64/multiarch/ifunc-wmemset.h
+2 10
+1 6
+2 4
+8 6
+3 8
fe=(112)
-16 2

fl=(117) ./string/../sysdeps/x86_64/multiarch/strcasecmp_l.c
fn=(378) strcasecmp_l
31 1
fi=(305) ./string/../sysdeps/x86_64/multiarch/ifunc-strcasecmp.h
+1 5
fe=(117)
-1 1

fl=(169) ./string/../sysdeps/x86_64/multiarch/strchr-avx2.S
fn=(590) __strchr_avx2
51 7524
+2 7524
+1 7524
+1 7524
+1 7524
+1 7524
+3 7524
+1 7524
+4 7514
+1 7514
+1 7514
+1 7514
+1 7514
+1 7514
+1 7514
+1 7275
+3 7275
+1 7275
+2 909
+1 1818
+8 9
+1 9
+3 9
+1 9
+2 1
+1 2
+4 6553
+1 13106
+6 173
+1 173
+3 173
+1 173
+2 37
+1 74
+4 62
+1 62
+3 62
+1 62
+2 19
+1 38
+19 239
+4 239
+1 239
+1 239
+1 239
+1 239
+1 239
+1 239
-6 5
+1 5
+1 5
+1 5
+1 5
+1 5
+1 5
+2 71
+1 71
+1 71
+1 71
+1 71
+1 71
+1 71
+2 9
+1 9
+1 9
+1 9
+1 9
+1 9
+1 9
+2 9
+1 9
+1 9
+1 9
+1 9
+1 9
+1 9
+97 10
+2 10
+1 10
+1 10
+1 10
+1 10
+1 10
+3 10
+1 10
+1 10
+1 5
+2 5
+2 5
+1 5
+1 5
+5 10

fn=(614) __strchrnul_avx2
51 80
+2 80
+1 80
+1 80
+1 80
+1 80
+3 80
+1 80
+4 80
+1 80
+1 80
+1 80
+1 80
+1 80
+1 80
+1 80
+6 80
+1 160

fl=(217) ./nptl/./nptl/cleanup_compat.c
fn=(794) _pthread_cleanup_push@@GLIBC_2.34
25 1
+3 1
+1 1
+1 2
+2 1
+1 1

fn=(802) _pthread_cleanup_pop@@GLIBC_2.34
40 1
+3 2
+4 2
+2 1

fl=(273) ./debug/./debug/vsprintf_chk.c
fn=(3206) __vsprintf_chk
23 26
+3 13
-3 26
+3 13
-3 13
+3 26
+4 13
+2 26
+3 13
cfi=(258) ./libio/./libio/iovsprintf.c
cfn=(1366) __vsprintf_internal
calls=13 +37 
* 7419

fl=(161) ./setjmp/./setjmp/sigjmp.c
fn=(556) __sigjmp_save
28 3
+2 2
-1 1
+5 3

fl=(246) ./io/../sysdeps/unix/sysv/linux/ttyname_r.c
fn=(1256) ttyname_r
94 16
+5 2
-5 6
+3 2
+2 2
+4 6
+6 6
+9 6
cfi=(244)
cfn=(1250)
calls=2 -84 
* 80
* 4
+3 8
cfi=(197)
cfn=(704)
calls=2 -92 
* 30
* 4
+4 6
cfi=(247)
cfn=(1258)
calls=2 -98 
* 160
* 8
cfi=(249) ./io/../sysdeps/unix/syscall-template.S
cfn=(1264) readlink
calls=2 -8 
* 12
+1 4
+9 6
+8 2
+3 2
+1 2
-1 2
+50 22
-49 6
cfi=(250) ./io/../sysdeps/unix/sysv/linux/stat64.c
cfn=(1266) stat
calls=2 28 
* 28
* 6
fi=(251) ./io/../sysdeps/unix/sysv/linux/ttyname.h
40 6
-2 6
+1 8
+1 8
fe=(246)

fl=(216) ./nptl/./nptl/pthread_once.c
fn=(790) pthread_once@@GLIBC_2.34
136 12
+3 12
+1 24
+4 22
-1 1
cfn=(792) __pthread_once_slow
calls=1 -75 
* 487

fn=(792)
68 1
fi=(220) ./nptl/../sysdeps/nptl/futex-internal.h
+78 1
+1 1
fe=(216)
-79 8
+8 1
+4 2
+52 9
-44 2
+4 2
+9 2
+13 13
cfi=(217)
cfn=(794)
calls=1 -89 
* 7
+2 1
cfi=(215) ./iconv/./iconv/gconv_conf.c
cfn=(796) __gconv_read_conf
calls=1 463 
* 419
+2 3
cfi=(217)
cfn=(802)
calls=1 -78 
* 6
fi=(220)
+91 3
fe=(216)
-85 1
fi=(220)
+85 5
fe=(216)

fl=(92) ./string/../sysdeps/x86_64/multiarch/memcpy.c
fn=(314) memcpy@@GLIBC_2.14
29 2
fi=(93)
+24 6
-1 4
+4 6
+14 4
+2 4
+8 4
+8 4
+2 10
fe=(92)

fl=(164)
fn=(570)
23 21
+1 3
fi=(165) ./nptl/./nptl/pthread_rwlock_common.c
603 12
+19 18
+83 3
+73 3
624 6
778 3
+5 6
+6 12
+6 24
+7 2
947 4
+2 2
fe=(164)
27 2
+2 14
fi=(165)
947 2
+2 1
fe=(164)
27 1
+2 7
fi=(165)
789 4
fe=(164)

fl=(183) ./malloc/./malloc/morecore.c
fn=(638) __glibc_morecore
25 7
+1 14
-1 7
+4 7
cfi=(184) ./misc/./misc/sbrk.c
cfn=(640) sbrk
calls=7 +8 
* 209
+1 14
+4 14

fl=(104) ./string/../sysdeps/x86_64/multiarch/strncmp.c
fn=(344) strncmp
66 2
-25 8
+1 6
+2 4
+5 6
+3 6
+14 2

fl=(214) ./iconv/./iconv/gconv_db.c
fn=(786) __gconv_compare_alias
703 156
+4 12
cfi=(215)
cfn=(788) __gconv_load_conf
calls=12 527 
* 606
+2 48
cfi=(218) ./iconv/./iconv/gconv_cache.c
cfn=(806) __gconv_compare_alias_cache
calls=12 227 
* 4992
* 24
+4 12
+1 132

fl=(114) ./string/../sysdeps/x86_64/multiarch/memrchr.c
fn=(366) memrchr
29 2
fi=(84)
+4 10
-1 4
+2 6
+2 4
+4 6
+3 8
fe=(114)
-14 2

fl=(206) ./intl/./intl/explodename.c
fn=(760) _nl_explode_name
58 120
+4 12
+1 12
+1 12
+1 12
+5 12
-24 156
+1 12
-1 108
+27 36
-4 12
+22 24
+25 24
+10 36
+3 36
+1 48
+3 108
-38 12
-1 12
+1 12
+2 36
-2 24
+3 24
-1 24
+1 96
-1 108
+5 24
+3 36
-1 12
cfi=(179) ./intl/../intl/l10nflist.c
cfn=(616) _nl_normalize_codeset
calls=12 311 
* 2124
* 24
+2 24
+2 48
cob=(2)
cfi=(51)
cfn=(574)
calls=12 0 
* 320
* 48
+8 12
-5 12
+5 24

fl=(218)
fn=(808) find_module_idx
144 168
+9 24
-9 24
+10 24
+2 24
-12 24
+10 24
+4 24
cfi=(221) ./intl/./intl/hash-string.c
cfn=(810) __hash_string
calls=24 32 
* 1632
+1 48
+3 24
-4 24
+1 24
+1 48
-1 24
+1 48
+2 72
-2 24
+3 24
+1 144
+1 192
cob=(2)
cfi=(51)
cfn=(574)
calls=48 0 
* 1104
* 96
+6 24
+1 144
-9 288
+4 72
+9 192

fn=(806)
227 96
+4 36
+3 48
cfn=(808)
calls=12 -90 
* 2292
* 24
+7 96
-6 36
cfn=(808)
calls=12 -91 
* 2292
* 24
+3 48

fn=(798) __gconv_load_cache
48 2
+7 1
-7 5
+7 1
cfi=(167)
cfn=(578)
calls=1 -21 
* 261
* 1
+1 2
+4 5
cfi=(187)
cfn=(660)
calls=1 -32 
* 27
* 1
+1 2
+5 3
cfi=(197)
cfn=(704)
calls=1 -37 
* 15
* 2
+3 3
+10 5
-2 1
+2 1
cfi=(210) ./misc/../sysdeps/unix/sysv/linux/mmap64.c
cfn=(774) mmap
calls=1 -32 
* 9
* 1
+1 2
fi=(219) ./iconv/../sysdeps/unix/sysv/linux/not-cancel.h
-21 2
cfi=(202) ./io/../sysdeps/unix/sysv/linux/close_nocancel.c
cfn=(740) __close_nocancel
calls=1 -34 
* 6
fe=(218)
+53 1
+1 2
+1 4
+1 3
+1 3
+2 1
-1 2
+3 3
+1 1
+17 1
-17 2
+18 8

fl=(228) ./signal/./signal/sigempty.c
fn=(840) sigemptyset
26 24
+1 48
fi=(229) ./signal/../sysdeps/unix/sysv/linux/sigsetops.h
+27 24
fe=(228)
-20 24
+1 24

fl=(126) ./string/../sysdeps/x86_64/multiarch/mempcpy.c
fn=(402) mempcpy
33 1
fi=(93)
+20 3
-1 2
+4 3
+14 2
+2 2
+8 2
+8 2
+2 5
fe=(126)

fl=(260) ./stdio-common/./stdio-common/vfprintf-internal.c
fn=(1370) __vfprintf_internal
1180 324
+30 135
+8 81
+4 135
+11 54
+11 27
fi=(306) ./stdio-common/./stdio-common/printf-parse.h
111 54
fe=(260)
1244 135
fi=(306)
111 27
cob=(2)
cfi=(51)
cfn=(612) 0x00000000048744d0
calls=27 0 
* 567
fe=(260)
1259 27
fi=(306)
111 27
fe=(260)
1259 81
239 27
fi=(307) ./stdio-common/../libio/libioP.h
940 27
fe=(260)
1263 27
fi=(307)
942 27
-2 27
fe=(260)
1263 27
fi=(307)
940 54
+2 54
+1 54
fe=(260)
239 108
cfi=(190) ./libio/./libio/genops.c
cfn=(1372) _IO_default_xsputn
calls=27 371 
* 135
* 54
127 243
1263 54
+4 81
+4 216
1532 27
1214 27
+34 27
-8 27
1532 81
+23 27
-39 27
+39 27
-39 27
+39 54
1313 615
+39 41
-51 41
-1 41
-1 41
-1 41
+5 41
1501 41
fi=(306)
88 41
fe=(260)
1352 41
-46 41
-4 41
+50 41
1501 41
1295 41
-1 41
-1 41
-1 41
-1 41
+16 82
1608 54
+1 54
+3 324
1218 54
1564 28
-47 618
192 4
+47 2
fi=(307)
942 6
+1 4
fe=(260)
239 8
cfi=(190)
cfn=(1372)
calls=2 371 
* 10
* 4
127 26
1517 10
1392 26
1516 195
cfi=(248)
cfn=(1262) _itoa_word
calls=13 163 
* 338
* 397
192 26
+47 13
fi=(307)
942 39
+1 26
fe=(260)
239 52
cfi=(190)
cfn=(1372)
calls=13 371 
* 793
* 26
127 351
1517 78
+72 41
fi=(306)
111 41
fe=(260)
1583 41
fi=(306)
111 82
cob=(2)
cfi=(51)
cfn=(612)
calls=41 0 
* 861
fe=(260)
239 41
fi=(307)
942 41
fe=(260)
1593 41
fi=(306)
111 41
fi=(307)
942 41
fe=(260)
1593 41
fi=(307)
942 41
+1 82
fe=(260)
239 164
cfi=(190)
cfn=(1372)
calls=41 371 
* 877
* 82
127 533
1593 82
+2 109
-79 318
192 26
1516 169
+1 60
cob=(2)
cfi=(51)
cfn=(580)
calls=28 0 
* 660
* 56
239 26
fi=(307)
942 78
+1 52
fe=(260)
239 104
cfi=(190)
cfn=(1372)
calls=26 371 
* 1817
* 52
127 156
1516 32

fl=(288) ./misc/../sysdeps/unix/sysv/linux/x86_64/clone3.S
fn=(3332) clone3
42 13
+2 13
+1 13
+1 13
+1 13
+1 13
+4 13
+3 13
+5 13
+2 13
+1 13
+26 65

fl=(292) ./posix/./posix/spawnattr_destroy.c
fn=(3344) posix_spawnattr_destroy
23 13
+3 26

fl=(142) ./ctype/./ctype/ctype-info.c
fn=(452) __ctype_init
29 1
+2 7
+2 4
+2 4
+1 1

fl=(115) ./string/../sysdeps/x86_64/multiarch/strchrnul.c
fn=(370) strchrnul
31 1
fi=(84)
+2 5
-1 2
+2 3
+2 2
+4 3
+3 4
fe=(115)
-12 1

fl=(130) ./debug/../sysdeps/x86_64/multiarch/memcpy_chk.c
fn=(416) __memcpy_chk
29 1
fi=(131) ./debug/../sysdeps/x86_64/multiarch/ifunc-memmove.h
+24 3
-1 2
+4 3
+14 2
+2 2
+8 2
+8 2
+2 5
fe=(130)

fl=(198) ./io/../sysdeps/unix/sysv/linux/fstatat64.c
fn=(706) fstatat
153 332
-55 332
+70 401
+1 69
-2 291
+1 194

fl=(258)
fn=(1366)
72 81
+7 27
-7 81
+7 27
-7 54
+7 27
-7 108
+7 27
-7 108
+7 27
-2 27
+2 54
cfi=(190)
cfn=(668) _IO_no_init
calls=27 563 
* 1242
+8 27
+4 54
-4 54
+4 27
-4 54
+4 162
cfi=(259) ./libio/./libio/strops.c
cfn=(1368) _IO_str_init_static_internal
calls=27 -55 
* 1944
+4 135
cfi=(260)
cfn=(1370)
calls=27 1180 
* 15129
+2 54
+2 297

fl=(158) ./csu/../sysdeps/nptl/libc_start_call_main.h
fn=(550) (below main)
29 4
+15 1
-15 5
+15 1
cfi=(159) ./setjmp/../sysdeps/x86_64/bsd-_setjmp.S
cfn=(552) _setjmp
calls=1 -16 
* 34
* 1
+2 2
+5 2
+1 2
+3 2
+3 6
cob=(5) /usr/bin/make
cfi=(155) ???
cfn=(558) main
calls=1 -58 
* 6032428

fl=(174) ./locale/./locale/loadarchive.c
fn=(602) _nl_load_locale_from_archive
134 120
+19 12
-18 12
-1 48
+19 12
cfi=(175) ./posix/../sysdeps/unix/sysv/linux/x86/sysconf.c
cfn=(604) sysconf
calls=12 32 
* 660
+6 48
499 144
169 36
cob=(2)
cfi=(51)
cfn=(588)
calls=12 0 
* 276
+1 48
+24 36
+71 33
-63 1
+3 3
-3 1
+3 2
cfi=(187)
cfn=(660)
calls=1 28 
* 32
* 1
+1 3
-31 24
-3 48
cob=(2)
cfi=(51)
cfn=(612)
calls=12 0 
* 252
+1 24
-1 12
+1 36
cfi=(179)
cfn=(616)
calls=12 311 
* 5527
* 12
+1 24
+2 48
cob=(2)
cfi=(51)
cfn=(584) 0x0000000004874590
calls=12 0 
* 348
* 24
+5 24
cob=(2)
cfi=(51)
cfn=(580)
calls=12 0 
* 192
+1 12
-1 12
+1 12
cob=(2)
cfi=(51)
cfn=(580)
calls=12 0 
* 192
+1 24
-1 12
+1 192
+1 36
-1 24
+1 36
cob=(2)
cfi=(51)
cfn=(644) 0x00000000048743e0
calls=12 0 
* 264
* 48
cob=(2)
cfi=(51)
cfn=(644)
calls=12 0 
* 228
* 48
cob=(2)
cfi=(51)
cfn=(650)
calls=12 0 
* 216
+5 24
cob=(2)
cfi=(51)
cfn=(652)
calls=12 0 
* 1092
* 12

fl=(188) ./intl/./intl/localealias.c
fn=(662) _nl_expand_alias
150 24
+6 24
-6 84
+6 24
+2 24
+9 61
+18 65
+4 4
+5 2
-1 1
+2 1
-1 3
-1 16
+2 16
-1 80
+3 4
+1 2
cfn=(664) read_alias_file
calls=1 +13 
* 49980
-13 2
-18 3
+1 12
fi=(205) ./intl/../bits/stdlib-bsearch.h
27 12
fe=(188)
168 12
fi=(205)
29 12
+7 12
+1 12
-8 144
+2 72
fe=(188)
417 144
fi=(205)
31 72
+1 216
fe=(188)
417 144
cob=(2)
cfi=(51)
cfn=(754) 0x00000000048744a0
calls=72 0 
* 3768
fi=(205)
34 144
+1 144
fe=(188)
153 12
+50 48
+3 108
-47 3

fn=(664)
211 1
+6 1
-6 10
+6 13
+2 1
-2 1
+2 2
cob=(2)
cfi=(51)
cfn=(644)
calls=1 0 
* 15
* 1
+10 2
-10 5
+10 1
cfi=(189) ./libio/./libio/iofopen.c
cfn=(666) fopen@@GLIBC_2.2.5
calls=1 85 
* 628
* 1
+5 2
+5 2
+3 1
-3 3
+4 3
+15 4
cfi=(194) ./libio/./libio/iofgets_u.c
cfn=(686) fgets_unlocked
calls=1 32 
* 630
* 328
cfi=(194)
cfn=(686)
calls=82 32 
* 12344
* 166
+5 164
+2 82
-2 82
cob=(2)
cfi=(51)
cfn=(588)
calls=82 0 
* 2396
+4 82
-4 82
+4 418
+1 4
-1 12
+4 320
372 164
243 164
384 2
cfi=(200) ./libio/./libio/iofclose.c
cfn=(726) fclose@@GLIBC_2.2.5
calls=1 34 
* 505
+2 2
+1 5
cfi=(203) ./stdlib/./stdlib/msort.c
cfn=(746) qsort
calls=1 -81 
* 16196
+4 12
274 45
-1 45
+1 1665
+1 333
-1 666
+4 45
+3 207
+1 36
-1 232
+1 124
-1 372
+3 90
+3 45
-1 45
+1 720
+1 630
-1 3285
+3 90
+5 90
+17 225
+4 135
cob=(2)
cfi=(51)
cfn=(580)
calls=45 0 
* 720
+1 45
-1 90
+1 45
cob=(2)
cfi=(51)
cfn=(580)
calls=45 0 
* 720
+2 90
-2 45
+16 45
+10 45
-24 405
+13 2
-1 4
+1 6
+1 2
-2 4
-1 2
+3 8
cob=(2)
cfi=(51)
cfn=(716) 0x00000000048743b0
calls=2 0 
* 354
+1 4
+3 2
+6 2
-6 14
+11 2
+1 4
+3 2
+1 6
-1 4
+1 2
-1 2
+1 2
cob=(2)
cfi=(51)
cfn=(650)
calls=2 0 
* 32
-1 43
+1 129
-1 86
+1 43
-1 43
+1 43
cob=(2)
cfi=(51)
cfn=(650)
calls=43 0 
* 677
+5 135
-6 45
+6 135
cob=(2)
cfi=(51)
cfn=(650)
calls=45 0 
* 605
+6 45
-4 45
+5 45
-1 45
-4 45
+5 45
-8 45
+7 45
+1 45
+35 4
+1 3
cob=(2)
cfi=(51)
cfn=(716)
calls=1 0 
* 881
+2 2
+4 1
+1 3
217 2
341 3

fn=(752) alias_compare
415 120
+2 480
cob=(2)
cfi=(51)
cfn=(754)
calls=120 0 
* 6936

fl=(197)
fn=(704)
29 48
+1 48
+5 72
cfi=(198)
cfn=(706)
calls=24 153 
* 192

fl=(213) ./string/../sysdeps/x86_64/multiarch/memset-vec-unaligned-erms.S
fn=(784) __memset_avx2_unaligned_erms
181 185
+1 555
+5 185
+1 185
+1 161
+1 161
+3 4
+1 4
+1 8
+9 13
+1 13
+2 26
+52 157
+1 157
+23 128
+1 128
+5 128
+3 128
+1 128
+3 115
+1 115
+13 115
+1 115
+2 115
+3 19
+3 19
+3 19
+1 19
+1 19
+1 19
+1 19
+1 19
+1 19
-6 36
+1 36
+1 36
+1 36
+1 36
+1 36
+1 55
+3 19
+1 19
+1 19
+1 19
+3 38
-6 96
+1 96
+1 96
+1 96
+3 192
+11 29
+1 29
+1 29
+1 233733
+1 29
+1 58
+12 24
+1 24
+2 24
+1 24
+1 24
+1 24
+1 24
+1 24
+1 24
+42 24
+1 24
+1 48

fl=(86) ./string/../sysdeps/x86_64/multiarch/strcmp.c
fn=(300) strcmp
65 2
-24 4
+1 2
-1 4
+1 4
+2 4
+5 6
+3 6
+13 2

fl=(108) ./string/../sysdeps/x86_64/multiarch/strcat.c
fn=(352) strcat
29 2
fi=(101)
+7 4
+1 2
-1 4
+1 4
+2 4
+4 6
+3 6
fe=(108)
-17 2

fl=(180) ./malloc/./malloc/malloc.c
fn=(658) _int_free
4421 15840
+10 1980
-10 5940
+10 3960
+6 9900
+1 3960
+4 7920
+8 9900
-1 3960
+1 3960
+29 1832
-20 1832
-6 1832
+6 3664
+20 7328
+14 2004
+11 3416
+2 2562
2012 2562
4527 854
+1 854
+4 2562
+2 2562
+4 1708
+2 3416
+1 854
+19 2196
4702 21780
4569 296
+3 148
+3 444
+7 148
-4 148
+4 296
+3 296
+5 444
+3 296
+1 296
+1 296
2012 444
4601 296
+1 11
+2 11
-1 11
+2 44
+2 22
cfn=(764) unlink_chunk.constprop.0
calls=11 1626 
* 288
+3 296
+5 168
+4 47
+9 47
-1 47
+1 141
+1 94
-1 37
-1 37
+1 111
+1 74
+2 84
+2 168
+5 84
+1 84
+2 252
+1 84
+30 296
+20 444
3181 978
+4 978
-4 978
+2 3912
+1 978
+1 978
4482 978
4635 252
+38 132
+3 88
+2 44
-2 44
-23 64
+1 192
+1 128
-39 37
+1 37
-1 37
cfn=(764)
calls=37 1626 
* 1195
+1 37
-30 444
-2 296
+89 84
cfn=(2528) malloc_consolidate
calls=42 +41 
* 7005
* 42
+4 176
+2 4
cfn=(3482) systrim.constprop.0
calls=2 2986 
* 174
* 2

fn=(720) realloc
3400 230
+6 46
+4 46
3515 2
-97 2
+97 12
-97 2
cfn=(620) malloc
calls=2 3287 
* 381
-1 46
+11 21
-2 21
+5 21
-3 42
+2 42
+4 63
fi=(181) ./malloc/./malloc/arena.c
162 63
fe=(180)
3442 84
+1 42
1343 42
+19 126
3452 42
+31 63
+2 105
cfn=(724) _int_realloc
calls=21 4818 
* 2462
* 21
+1 105
fi=(181)
162 63
fe=(180)
3486 42
+29 189

fn=(764)
1626 583
+2 2915
+3 1166
+1 583
-1 1749
+3 2332
+3 583
+1 583
+1 2048
+2 428
+1 1284
+3 428
+14 214
+1 428
+3 1166

fn=(632) _int_malloc
1343 5702
3771 2851
1362 2851
3771 22808
1362 5702
3811 1152
+27 1152
+66 2137
+2 2137
-2 2137
+2 4274
+2 20
+1 40
+6 20
-4 20
+1 20
+1 20
+2 40
+7 80
-1 40
+1 40
3181 20
3927 20
3183 20
3927 20
3181 20
3927 69
+1 26
+4 3
+1 3
+1 6
3181 3
3936 3
3185 3
3937 3
3181 3
+2 15
-6 3
+9 3
-9 3
+8 3
+1 3
1362 4550
3811 4550
4397 4550
3838 4550
+63 630
+62 5577
+1 510
+1 184
cfn=(2528)
calls=92 4715 
* 24018
* 668
3838 1152
1362 576
3843 1152
+2 1152
+2 1088
-6 544
+9 544
+1 544
-1 1088
+1 2720
+5 1088
+1 1088
+7 544
-1 1088
+1 2720
+5 544
+1 544
3183 544
3870 1084
+5 80
3181 32
+2 16
+2 16
-2 32
+2 16
-8 16
+8 16
3869 16
+1 86
+2 32
+2 16
+1 16
-1 32
-21 5880
-10 1960
+2 9896
4399 4234
3903 2117
4399 27521
3983 2117
+1 2117
-1 4234
-1 4234
+2 4234
-1 170
+1 170
-1 340
-1 340
+2 340
-2 6858
+12 2286
-6 2286
+73 9144
-67 6859
-6 1
+73 4
-67 3
4158 1370
-91 1370
+91 2740
-91 1370
-74 1370
3181 1370
4067 1370
3181 2740
4025 2740
3183 2740
3997 5480
+1 1370
+2 2740
-3 420
+1 105
+2 210
+1 4425
+2 1475
+1 5900
+2 5900
-10 1475
+12 2950
+1 2950
+2 2950
+11 5498
+31 396
+1 396
+4 792
+29 742
+2 310
+1 465
+1 155
-1 155
+57 155
+2 310
-2 310
+2 155
+7 155
-9 465
+9 155
-7 155
+1 155
+1 155
+6 310
-10 216
+2 432
-2 432
+2 216
+7 216
-9 648
+9 216
-7 216
+1 216
+1 216
+6 432
3994 32
2005 1662
4413 25659
2005 20
3944 20
2005 40
4060 25
+1 25
-1 25
+1 50
+5 25
-21 25
+21 25
+1 84
2005 20
4095 1750
+1 648
+1 216
-1 216
+4 432
+5 1
-2 2
+2 3
+1 2
+60 1113
3994 1113
4183 2368
+2 498
+3 166
-3 166
+3 332
+1 6
+67 2364
+1 1182
+1 1182
-1 1182
+1 1182
+1 2364
+1 3546
+5 3508
+16 3475
+2 6950
-4 8054
+8 552
+3 1104
+2 238
+1 238
+1 238
-2 952
-27 238
3181 15
+2 15
+2 15
-4 15
+2 60
4071 15
3184 15
+1 15
4071 15
3963 4
4144 645
4023 2484
+1 2238
+5 1079
-1 2158
+3 1079
-1 1079
+1 2158
+1 1079
+1 2158
+2 1584
+4 792
+6 792
-6 5544
+2 2376
+1 792
2005 2376
4039 287
+6 287
-6 2009
+2 861
+1 287
2005 861
4269 3285
+3 4256
-3 2823
+3 3504
-3 1578
+3 2361
+97 868
+1 1736
+2 1736
+3 2610
+17 9
3904 435
4118 5
+1 2
+6 1
+13 1
+1 2
-11 2
4299 942
+3 628
+2 314
+3 628
-3 314
+3 628
cfn=(764)
calls=314 1626 
* 9868
+3 1256
+15 554
-5 277
+5 554
+1 554
+3 277
+1 277
+1 277
+3 554
+1 208
+1 554
+2 346
+3 1384
+2 519
+1 173
2005 173
4347 173
2005 346
4341 832
+2 312
+1 104
2005 104
4347 104
2005 245
4347 37
2005 74
4272 210
+2 840
+1 420
-1 68
+1 34
-3 34
+41 37
-1 37
+1 74
3193 42
+1 28
+2 56
+1 14
+1 14
4174 14
+18 4
+1 12
+6 4
+5 2
+1 6
cfn=(764)
calls=2 1626 
* 76
-1 2
+4 6
2005 2
4239 2
2005 4
4380 865
-2 1730
+2 865
-1 865
+6 865
-5 865
-3 865
+3 865
+2 865
-2 3460
2005 865
4382 865
2005 1730
4407 12
cfn=(634) sysmalloc
calls=3 2548 
* 563
* 3
+1 6
2005 9
4211 2
-1 2
+1 4

fn=(654) free
3352 3604
+4 7208
-4 1974
+14 1974
-14 3948
+12 1974
+4 1974
-4 1974
+4 3948
+17 5922
fi=(181)
162 5922
fe=(180)
3391 3948
cfn=(658)
calls=1974 4421 
* 157878
+3 1974
+1 9526

fn=(926) calloc
3624 2296
+10 1148
-10 4592
+10 9184
+8 2296
+3 3444
+2 3444
+32 3444
cfn=(632)
calls=1148 1343 
* 149449
+2 5740
fi=(181)
162 3444
fe=(180)
3681 2296
+3 3444
+14 2296
+11 1148
+5 1148
-2 2296
+50 5946
-53 1148
+12 4592
-20 4592
+31 1148
+2 2296
+2 2296
+5 991
+2 991
-2 991
+3 1982
+2 977
+2 1954
+2 241
+2 482
+2 8
-97 1148
+1 3444
+7 1148
+97 157
-25 314
+25 628
-25 157
cob=(2)
cfi=(51)
cfn=(782) 0x0000000004874670
calls=157 0 
* 238190

fn=(620)
3287 15858
+7 5286
1343 5284
+19 10572
3306 10572
+3 5284
+10 5088
+28 8480
1362 1922
3304 5766
-63 4
cfn=(630) tcache_init.part.0
calls=1 -6 
* 484
+68 2
+1 4
+1 7536
3193 1894
+1 1894
+2 947
+1 947
-1 2841
+1 947
+1 947
3347 4735
-26 6784
cfn=(632)
calls=1696 1343 
* 320162
+1 8480
fi=(181)
162 3392
315 1
cfn=(624) ptmalloc_init.part.0
calls=1 -2 
* 1128
fe=(180)
1343 2

fn=(2528)
4715 134
+17 134
-17 536
+28 134
-28 402
+15 134
+2 134
+13 268
+1 268
-1 2412
+1 2412
+62 4020
+1 1072
-31 552
+4 184
+2 92
+1 184
+1 184
+2 184
-4 184
+1 368
+1 368
+2 368
+1 114
+4 57
+2 57
-2 114
+3 57
+9 114
-12 219
+2 219
-2 438
+3 219
+9 633
-56 560
+4 840
+1 1120
+8 280
-3 560
+3 280
-3 280
+4 280
-4 280
+5 280
-5 280
+5 560
+2 560
+1 35
+2 35
-1 35
+2 140
+2 210
cfn=(764)
calls=35 1626 
* 857
* 140
+3 560
+25 4
+1 8
+1 8
-23 184
+1 552
+16 184
-16 184
cfn=(764)
calls=184 1626 
* 4206
* 552

fn=(3482)
2986 2
-9 6
+9 4
+2 2
+1 4
+5 2
+1 2
-1 4
+4 10
+2 4
-10 1
+50 8
-33 2
cfi=(183)
cfn=(638)
calls=1 25 
* 28
* 1
+1 4
+12 3
cfi=(183)
cfn=(638)
calls=1 25 
* 45
+1 2
cfi=(183)
cfn=(638)
calls=1 25 
* 28
+2 1
+2 2
+4 2
+4 2
-1 1
+1 2
+2 2

fn=(724)
4818 147
+11 84
+1 105
+6 42
+2 42
+1 63
+2 84
+3 42
+14 14
+53 28
-53 28
+57 14
-57 42
+55 28
+2 28
+1 14
+16 14
+1 189
-79 14
+12 12
+12 18
cfn=(632)
calls=6 1343 
* 774
* 6
+1 12
+3 6
+1 6
+5 12
+8 6
-1 6
+4 6
-3 36
+3 6
cob=(2)
cfi=(51)
cfn=(650)
calls=6 0 
* 100
+1 24
cfn=(658)
calls=6 4421 
* 384
+2 6
-47 1
+1 1
-2 2
+4 1
+4 1
-4 3
+2 1
-2 1
+2 1
-2 4
+1 2
+1 1
+2 1

fn=(630)
3235 3
+9 8
+1 3
cfn=(632)
calls=1 1343 
* 367
* 1
+1 2
+8 4
+7 2
+2 1
+1 2
-1 1
+1 86
+3 4

fn=(634)
2548 27
+20 12
+11 6
+1 9
+26 3
+1 9
+1 3
+9 20
+6 9
+3 9
2941 6
+1 3
+5 6
+3 6
+5 6
-2 3
+2 3
-1 3
+1 3
-3 3
+3 3
+1 3
-1 9
+1 3
+2 6
+6 33
2687 6
+9 12
+13 9
+8 15
+8 6
+39 6
+2 9
+6 10
+1 2
2946 2
2773 6
+2 2
2896 1
-1 1
+1 3
+1 1
+11 2
fi=(181)
565 3
fe=(180)
2727 3
cfi=(183)
cfn=(638)
calls=3 25 
* 143
+1 6
-1 3
+1 3
2028 3
2729 3
2028 3
2729 3
2028 6
2730 3
+3 6
+33 6
2610 6
2775 2
+40 3
+22 1
+1 1
-1 1
+1 6
+2 2
+1 3
cfi=(183)
cfn=(638)
calls=1 25 
* 28
+12 2
-12 1
+12 1
2028 4
2897 4
2765 2
-52 3

fl=(186) ./string/../sysdeps/x86_64/multiarch/memmove-vec-unaligned-erms.S
fn=(646) __mempcpy_avx_unaligned_erms
294 50
+1 50
+1 50
+1 50
+17 50
+1 50
+2 24
+1 24
+1 24
+3 1
+1 1
+1 1
+3 2
+30 26
+1 26
+2 25
+1 25
+2 24
+4 24
+1 12
+1 12
+1 12
+1 12
+1 12
+1 12
+2 12
+2 12
+6 12
+1 12
+1 12
+1 12
+1 12
+7 1
+1 1
+1 1
+1 1
+2 1
+17 1
+1 1
+1 1
+1 1
+1 1
+7 21
+1 21
+1 21
+1 21
+1 21
+1 21
+1 42
+5 23
+1 23
+5 23
+1 23
+2 23
+1 23
+1 23
+2 2
+1 2
+1 2
+1 2
+1 2
+1 2
+1 2
+1 2
+1 2
+1 2
+1 2
+1 2
+1 2
+1 2
+1 4

fn=(648) __memcpy_avx_unaligned_erms
307 10668
+1 10668
+6 10668
+1 10668
+2 1346
+1 1346
+1 1346
+3 1016
+1 1016
+1 1016
+3 2032
+30 9322
+1 9322
+2 7528
+1 7528
+2 4913
+4 4913
+1 2889
+1 2889
+1 2513
+1 2513
+1 1477
+1 1477
+2 1477
+2 1477
-2 1036
+2 1412
+6 2024
+1 2024
+1 2024
+1 2024
+1 2024
+7 1794
+1 1794
+1 1794
+1 1794
+2 1794
+17 2615
+1 2615
+1 2615
+1 2615
+1 2615
+7 212
+1 212
+1 212
+1 212
+1 212
+1 212
+1 424
+5 330
+1 330
+5 330
+1 330
+2 255
+1 255
+1 255
+2 43
+1 43
+1 43
+1 43
+1 43
+1 43
+1 43
+1 43
+1 43
+1 43
+1 43
+1 43
+1 43
+1 43
+1 86
+4 75
+1 75
+4 75
+2 75
+4 75
+1 75
+11 75
+3 75
+2 75
+2 75
+4 75
+1 75
+9 73
+1 73
+2 73
+2 73
+1 73
+1 73
+3 73
+2 73
+2 73
+2 146
+6 73
+1 73
+1 73
+1 73
+1 73
+1 73
+1 73
+1 73
+1 73
+1 73
+1 73
+1 73
-11 811
+1 811
+1 811
+1 811
+1 811
+1 811
+1 811
+1 811
+1 811
+1 811
+1 811
+1 811
+2 73
+1 73
+1 73
+1 73
+2 73
+4 146
+13 2
+1 2
+2 2
+1 2
+1 2
+2 2
+2 2
+2 4
+6 2
+1 2
+1 2
+1 2
+1 2
+1 2
+1 2
+1 2
+1 2
+1 2
+1 2
+1 2
-11 17
+1 17
+1 17
+1 17
+1 17
+1 17
+1 17
+1 17
+1 17
+1 17
+1 17
+1 17
+2 2
+1 2
+1 2
+1 2
+2 2
+1 4

fn=(1134) __memcpy_chk_avx_unaligned_erms
301 16055
+1 16055
+1 80275
+4 16055
+1 16055
+6 16055
+1 16055
+42 16055
+1 16055
+2 15979
+1 15979
+2 15716
+4 15716
+1 5335
+1 5335
+1 4134
+1 4134
+1 2487
+1 2487
+2 2487
+2 2487
-2 1647
+2 2848
+6 10381
+1 10381
+1 10381
+1 10381
+1 10381
+7 76
+1 76
+1 76
+1 76
+2 76
+17 263
+1 263
+1 263
+1 263
+1 263

fl=(269) ./libio/./libio/ferror.c
fn=(1688) ferror
32 66
+4 66
-1 132
+3 198
+3 66

fl=(156) ./csu/../csu/libc-start.c
fn=(520) __libc_start_main@@GLIBC_2.34
242 12
343 3
+1 3
cfi=(157) ./stdlib/./stdlib/cxa_atexit.c
cfn=(522) __cxa_atexit
calls=1 69 
* 71
+25 6
+6 2
-3 2
+10 2
cob=(2)
cfi=(51)
cfn=(544) 0x00000000048746d0
calls=1 0 
* 836
+2 2
+8 4
cfi=(158)
cfn=(550)
calls=1 29 
* 6032488
128 2
+6 3
+1 6
cob=(2)
cfi=(51)
cfn=(526) 0x0000000000111000
calls=1 0 
* 26
* 1
+3 1
+1 2

fl=(166) ./string/../sysdeps/x86_64/multiarch/strcmp-avx2.S
fn=(586) __strncmp_avx2
83 1481
+3 1481
+1 1481
+1 1401
+16 1401
+2 1401
+1 1401
+2 1401
+1 1401
+1 1401
+1 1401
+1 1401
+2 840
+1 840
+1 840
+1 840
+1 840
+1 840
+1 840
+1 840
+4 840
+1 840
+13 816
+1 816
+1 816
+3 1632
656 3
+2 3
+1 2
+1 2
+1 2
+2 2
+1 2
+6 1
+1 1
+3 1
+1 1
+7 2
+16 29
+1 58
+10 80
+1 80
+1 80
+2 160
+5 559
+1 559
+2 559
+2 559
+2 559
+1 559
+8 555
+1 555
+1 555
+2 1110
+10 561
+1 561
+2 447
+1 447
+1 447
+1 447
+1 447
+1 447
+1 447
+15 114
+1 114
+1 3
+1 3
+1 3
+1 3
+1 3
+1 3
+1 3
+17 111
+1 111
+1 72
+1 72
+1 72
+1 72
+1 72
+1 72
+2 72
+1 72
+1 72
+13 39
+1 39
+1 37
+1 37
+1 37
+1 37
+1 37
+1 37
+2 37
+1 37
+1 37
+14 2
+1 2
+6 2
+1 2
+2 2
+1 2

fn=(576) __strcmp_avx2
83 6826
+23 6826
+1 6826
+2 6826
+1 6826
+1 6826
+1 6826
+1 6826
+2 5026
+1 5026
+1 5026
+1 5026
+1 5026
+1 5026
+1 5026
+1 5004
+18 5004
+1 5004
+1 5004
+3 10008
+4 22
+24 22
+1 22
+1 22
+3 44
+70 22
+1 22
+1 22
+1 22
+1 22
+1 22
+1 22
656 1311
+2 1311
+1 1195
+1 1195
+1 1195
+9 1195
+1 1195
+3 1195
+1 1195
+3 126
+4 484
+36 1491
+1 1491
+4 1491
+11 1491
+1 1491
+1 1491
+2 2982
+10 1800
+1 1800
+2 1082
+1 1082
+1 1082
+1 1082
+1 1082
+1 1082
+1 1082
+2 4
+2 4
+7 4
+1 4
+3 722
+1 722
+1 118
+1 118
+1 118
+1 118
+1 118
+1 118
+1 118
+2 14
+2 14
+13 14
+1 14
-1 604
+1 604
+1 233
+1 233
+1 233
+1 233
+1 233
+1 233
+2 233
+1 233
+1 233
+2 12
+1 12
+10 12
+1 12
-1 385
+1 385
+1 117
+1 117
+1 117
+1 117
+1 117
+1 117
+2 117
+1 117
+1 117
+2 29
+19 29
+1 29
+2 29
+1 29
-4 280
+1 280
+2 280
+1 280
+1 67
+1 134

fl=(284) ./posix/./posix/spawn.c
fn=(3322) posix_spawn@@GLIBC_2.15
29 26
+1 26
cfi=(285) ./posix/../sysdeps/unix/sysv/linux/spawni.c
cfn=(3324) __spawni
calls=13 433 
* 3829
+1 26

fl=(245) ./io/../sysdeps/unix/sysv/linux/ttyname.c
fn=(1254) ttyname
36 14
+5 4
cfi=(244)
cfn=(1250)
calls=2 -7 
* 80
* 4
+3 6
+7 6
cfi=(246)
cfn=(1256)
calls=2 +43 
* 466
+6 2
-5 4
+6 14
-12 2
cob=(2)
cfi=(51)
cfn=(618)
calls=1 -46 
* 187
* 2
+1 2

fl=(199) ./io/../sysdeps/unix/sysv/linux/read_nocancel.c
fn=(714) __read_nocancel
25 2
+1 8
+1 2

fl=(226) ./intl/./intl/bindtextdom.c
fn=(832) set_binding_values.part.0
75 3
+16 1
-16 6
+16 1
-16 1
+16 1
cfi=(164)
cfn=(570)
calls=1 -68 
* 57
+4 5
310 2
+3 1
-1 1
+1 6
-1 1
cfi=(225)
cfn=(824)
calls=1 30 
* 42
189 5
+12 2
cob=(2)
cfi=(51)
cfn=(580)
calls=1 0 
* 16
* 1
+2 1
-2 1
+2 1
cob=(2)
cfi=(51)
cfn=(618)
calls=1 0 
* 45
+2 2
-2 1
+2 1
+3 3
cob=(2)
cfi=(51)
cfn=(650)
calls=1 0 
* 17
+11 5
cob=(2)
cfi=(51)
cfn=(574)
calls=1 0 
* 23
-3 1
+3 1
-3 1
+3 2
+19 1
+1 2
+6 2
+28 1
-6 1
+6 3
+4 1
-1 1
+1 2

fn=(830) bindtextdomain
319 2
82 1
319 1
82 4
322 3
cfn=(832)
calls=1 75 
* 271
-1 1
+1 2

fl=(81) ./string/../sysdeps/x86/cacheinfo.c
fn=(290) __x86_cacheinfo
86 1
fi=(82) ./string/../sysdeps/x86/cacheinfo.h
-25 1
+3 3
+2 1
+1 1
-1 2
+7 3
+2 1
+1 1
-1 2
+5 2
+2 2
+1 2
+1 2
+2 2
fe=(81)
* 2

fl=(262) ./dirent/../sysdeps/unix/sysv/linux/readdir64.c
fn=(1526) readdir
32 100
+5 50
-5 50
+5 50
-5 150
+5 50
-5 100
+2 100
+3 100
+7 100
+7 100
+21 45
+2 45
+2 45
+2 45
+3 45
-5 45
+2 45
+3 45
-37 150
+7 40
cfi=(263) ./dirent/../sysdeps/unix/sysv/linux/getdents64.c
cfn=(1528) __getdents
calls=10 -24 
* 90
* 10
+1 20
+14 20
-9 5
+5 5
+1 10
+21 200
+4 350

fl=(272) ./string/../sysdeps/x86_64/multiarch/strstr-sse2-unaligned.S
fn=(2994) __strstr_sse2_unaligned
21 25
+1 25
+1 25
+1 25
+1 25
+1 25
+1 25
+1 25
+1 25
+1 25
+1 25
+1 25
+1 25
+1 25
+1 25
+1 25
+1 25
+1 25
+1 25
+1 25
+1 25
+1 25
+1 25
+1 25
+1 25
+1 25
+1 25
+1 25
+1 25
+1 25
+1 25
+1 25
+1 25
+1 25
+1 25
+1 25
+1 25
+1 25
+1 25
+1 25
+1 25
+2 24
+1 24
+1 24
+1 24
+1 24
+1 24
+1 24
+1 24
+1 24
+1 1
+1 1
+9 4
+1 4
+1 4
+2 5
+1 5
+1 5
+2 1
+7 23
+1 23
+1 35
+4 12
+1 12
+1 12
+1 12
+1 12
+1 12
+1 12
+1 12
+1 12
+1 12
+1 12
+1 12
+1 12
+1 12
+1 12
+1 12
+1 12
+1 12
+1 12
+1 12
+1 12
+1 12
+1 12
-22 12
+1 12
+1 12
+1 12
+1 12
+1 12
+1 12
+1 12
+1 12
+1 12
+1 12
+1 12
+1 12
+1 12
+1 12
+1 12
+1 12
+1 12
+1 12
+1 12
+1 12
+1 12
+1 12
+2 16
+1 16
+1 16
+1 16
+21 16
+1 16
+11 8
+1 8
+2 8
+1 16
+4 8
+1 8
+1 8
+1 8
+1 8
+1 8
+1 8
+1 8
+1 8
+1 8
+1 8
+1 8
+1 8
+1 8
+1 8
+1 8
+1 8
+1 8
+1 8
+1 8
+1 8
+1 8
+1 8
+1 8
+1 8
+1 8
+1 8
+1 8
+1 8
+1 8
+1 8
+1 8
+1 8
-32 2
+1 2
+1 2
+1 2
+1 2
+1 2
+1 2
+1 2
+1 2
+1 2
+1 2
+1 2
+1 2
+1 2
+1 2
+1 2
+1 2
+1 2
+1 2
+1 2
+1 2
+1 2
+1 2
+1 2
+1 2
+1 2
+1 2
+1 2
+1 2
+1 2
+1 2
+1 2
+1 2
+1 8
+1 8
+1 8
+1 8
+1 8
+1 8
+1 8
+1 8
+1 8
+1 8
+1 8
+1 8
+1 8
+1 8
+1 8
+1 8
+1 8
+1 8
+1 8
+1 8
+1 8
+1 8
+1 8
+1 8
+1 8
+2 8
+1 8
+1 8
+1 8
370 8
+1 8

fl=(282) ./posix/../sysdeps/unix/syscall-template.S
fn=(3314) getuid
91 39
+2 13

fn=(3312) getegid
91 39
+2 13

fn=(3310) geteuid
91 39
+2 13

fn=(3316) getgid
91 39
+2 13

fl=(173) ./string/../sysdeps/x86_64/multiarch/memchr-avx2.S
fn=(600) __memchr_avx2
60 158
+7 158
+2 158
+3 158
+1 158
+2 158
+1 158
+1 158
+1 158
+3 157
+1 157
+3 157
+1 157
+2 145
+1 145
+1 68
+1 68
+1 136
+6 12
+5 12
+1 12
+1 12
+1 12
+1 24
+11 1
+3 1
+1 1
+1 1
+4 1
+1 1
+7 1
+3 1
+1 1
+2 1
+1 1
+8 35
+1 35
+1 35
+1 70
+4 30
+1 30
+1 30
+1 60
+4 6
+1 6
+1 6
+1 12
+5 1
+1 1
+1 1
+1 2
+10 78
+1 78
+1 78
+2 78
+10 78
+1 78
+3 78
+1 78
+2 73
+1 73
+2 38
+1 38
+1 38
+1 38
+2 8
+1 8
+1 8
+1 8
+2 2
+1 2
+1 2
+1 2
+4 1
+1 1
+54 5
+1 5
+52 6
+2 6
+2 6
+1 6
+1 6
+1 6
+1 12
+32 1
+1 1
+5 1
+2 1
+1 1

fl=(109) ./string/../sysdeps/x86_64/multiarch/strncase_l.c
fn=(356) strncasecmp_l
31 1
fi=(305)
+1 5
fe=(109)
-1 1

fl=(252) ./csu/./csu/errno-loc.c
fn=(1288) __errno_location
25 109
+1 218
+1 109

fl=(302) ./posix/./posix/register-atfork.c
fn=(3672) __unregister_atfork
76 4
+1 2
-1 2
+1 6
fi=(303) ./posix/../malloc/dynarray-skeleton.c
243 2
fe=(302)
65 4
+38 8
+1 4

fl=(248)
fn=(1260)
459 12
+2 6
cfn=(1262)
calls=2 163 
* 52
+1 24
+1 2
+2 10
-3 4
+1 6
-1 6

fn=(1262)
163 30
+3 60
+2 30
+9 240
+9 30

fl=(152) ./misc/./misc/init-misc.c
fn=(508) __init_misc
30 1
+1 2
-1 4
+1 3
+2 3
cob=(2)
cfi=(51)
cfn=(510) 0x00000000048745f0
calls=1 -33 
* 27
+4 5
+1 3
+2 4

fl=(192) ./nptl/./nptl/libc-cleanup.c
fn=(676) __libc_cleanup_push_defer
24 7
+3 14
+3 28
+1 7
+2 7
+1 7

fn=(678) __libc_cleanup_pop_restore
39 7
+3 14
+2 14
+1 14
+2 7

fl=(221)
fn=(810)
32 24
+6 96
+3 24
-3 96
+2 24
+1 48
+2 72
-3 120
+1 240
+2 360
+2 48
+1 24
-8 456

fl=(207) ./string/../sysdeps/x86_64/multiarch/strcpy-avx2.S
fn=(768) __stpcpy_avx2
53 278
+6 278
+7 278
+2 278
+1 278
+1 278
+2 26
+1 26
+2 26
+1 26
+1 26
+14 26
+1 26
304 252
+1 252
+1 252
+1 252
+10 252
+1 252
+31 26
+2 26
+2 26
+1 26
-3 252
+2 252
+1 252
+1 278
+1 278
+1 278
+1 278
+1 278
+1 278
+1 184
+1 184
+1 107
+1 107
+1 107
549 107
+1 107
+2 107
+7 214
+19 77
+1 77
+2 77
+7 154
+4 94
+1 94
+1 94
+1 94
+2 94
+8 188

fn=(1720) __strcpy_avx2
53 740
+6 740
+2 740
+5 740
+2 740
+1 740
+1 740
+2 411
+1 411
+2 411
+1 411
+1 411
+14 411
+1 411
+2 25
+1 25
+7 25
+1 25
+2 7
+1 14
+5 7
+6 7
+1 7
+1 7
+1 7
+1 7
+1 7
+1 7
+5 7
+4 7
+3 1
+1 1
+1 1
+1 1
+1 1
+5 1
+4 1
+3 1
+1 1
+1 1
+1 1
+1 1
+5 1
+4 1
304 329
+1 329
+1 329
+1 329
+10 329
+1 329
+28 7
+3 7
+2 7
+2 7
+1 7
-5 386
+2 386
+2 386
+1 386
-3 329
+2 329
+1 329
-1 18
+1 18
+1 727
+1 727
+1 719
+1 719
+1 709
+1 709
+1 688
+1 688
+1 671
+1 671
+1 325
+1 325
+10 650
+13 18
+1 18
+1 18
+1 18
+1 18
563 346
+1 346
+1 346
+9 692
+4 17
+1 17
+9 34
+4 21
+1 21
+1 21
+1 21
+10 42
+4 10
+1 10
+1 10
+1 10
+10 20
+4 8
+1 8
+1 8
+1 8
+10 16
+4 13
+1 13
+1 13
+1 13
+10 26

fl=(287) ./misc/../sysdeps/unix/sysv/linux/clone-internal.c
fn=(3330) __clone_internal
49 26
+5 13
-5 52
+5 26
-5 13
+4 13
-4 26
+4 13
+1 13
cfi=(288)
cfn=(3332)
calls=13 -12 
* 208
+1 52
+5 13
+23 91
-17 13
+15 13
-15 13
+15 13
+2 13
cfi=(289) ./misc/../sysdeps/unix/sysv/linux/x86_64/clone.S
cfn=(3334) clone
calls=13 -31 
* 247
+5 26
+1 78

fl=(296) ./stdlib/./stdlib/exit.c
fn=(3642) __run_exit_handlers
40 11
+5 2
+3 5
+50 1
-42 1
+2 3
+8 9
+2 2
+3 2
-3 2
+3 12
+34 2
+1 2
+1 2
-2 2
+7 2
-3 4
+3 6
+1 6
cob=(1) /usr/lib/x86_64-linux-gnu/ld-linux-x86-64.so.2
cfi=(298) ./elf/./elf/dl-fini.c
cfn=(3654) _dl_fini
calls=1 -82 
* 892
cob=(5)
cfi=(155)
cfn=(3646) 0x00000000000211c0
calls=1 0 
* 453
+1 8
+10 2
+1 2
-63 1
+69 4
+2 2
+1 6
cfi=(190)
cfn=(3712) _IO_cleanup
calls=1 863 
* 206
* 3
+2 2
cfi=(304) ./posix/../sysdeps/unix/sysv/linux/_exit.c
cfn=(3720) _Exit
calls=1 27 
* 5
-90 1
cfi=(297) ./stdlib/./stdlib/cxa_thread_atexit_impl.c
cfn=(3644) __call_tls_dtors
calls=1 149 
* 12
* 1

fn=(3640) exit
142 3
+1 3
-1 1
+1 1
cfn=(3642)
calls=1 40 
* 1676

fl=(151) ./csu/./csu/init-first.c
fn=(506) _init_first
46 4
+5 2
+4 5
+8 1
-2 1
+10 1
-9 1
+1 1
+9 2
-1 1
cfi=(152)
cfn=(508)
calls=1 -41 
* 52

fl=(293) ./posix/./posix/wait.c
fn=(3376) wait
24 26
+1 39
cfi=(294) ./posix/./posix/waitpid.c
cfn=(3378) waitpid
calls=13 +12 
* 169

fl=(141) ./elf/./elf/libc_early_init.c
fn=(450) __libc_early_init
33 7
+2 1
cfi=(142)
cfn=(452)
calls=1 -6 
* 17
+3 1
fi=(144) ./elf/../sysdeps/nptl/pthread_early_init.h
-5 2
fe=(141)
+8 1
-3 1
fi=(144)
-5 1
cfi=(143) ./resource/../sysdeps/unix/sysv/linux/getrlimit64.c
cfn=(454) getrlimit
calls=1 +5 
* 10
* 3
+1 6
+11 1
fi=(308) ./elf/../nptl/nptl-stack.h
+13 3
fi=(144)
-13 1
fi=(308)
+13 2
fi=(144)
-4 1
fi=(308)
+4 2
fi=(144)
-6 1
fi=(308)
+6 1
fi=(144)
-12 1
+6 6
+1 1
+4 1
cfi=(145) ./nptl/./nptl/pthread_mutex_conf.c
cfn=(458) __pthread_tunables_init
calls=1 -7 
* 884
fe=(141)
-10 3
+2 2
-2 1
cfi=(148) ./nptl/../sysdeps/unix/sysv/linux/x86/elision-conf.c
cfn=(472) __lll_elision_init
calls=1 +49 
* 147

fl=(291) ./posix/./posix/spawn_faction_destroy.c
fn=(3340) posix_spawn_file_actions_destroy
26 65
+2 13
+22 13
-22 26
+22 13
cob=(2)
cfi=(51)
cfn=(652)
calls=13 -50 
* 78
+2 65

fl=(159)
fn=(552)
28 1
+2 1
+2 1
cfi=(160) ./setjmp/../sysdeps/x86_64/setjmp.S
cfn=(554) __sigsetjmp
calls=1 -2 
* 31

fl=(267) ./io/../sysdeps/unix/sysv/linux/read.c
fn=(1656) read
25 2
+1 12
+1 2

fl=(277) ./posix/./posix/spawnattr_init.c
fn=(3286) posix_spawnattr_init
24 13
+3 13
-3 13
+3 637
+3 13

fl=(194)
fn=(686)
32 83
+5 166
-5 332
+7 166
+11 166
+2 249
-2 83
+1 166
+1 249
-2 83
+2 83
cfi=(195) ./libio/./libio/iogetline.c
cfn=(688) _IO_getline
calls=83 -19 
* 9743
+3 83
+1 83
-1 166
+7 166
+2 415
-9 164
+4 82
+3 246

fl=(209) ./locale/./locale/loadlocale.c
fn=(778) _nl_intern_locale_data
68 96
+10 48
+1 139
+7 60
+3 12
-1 24
+9 24
cob=(2)
cfi=(51)
cfn=(618)
calls=12 -97 
* 2325
* 12
+2 24
+3 12
+1 12
+2 12
-1 12
+2 12
+2 12
+1 36
+41 12
-27 24
-12 24
+1 24
-1 716
+1 716
+11 1850
+17 4
+22 108
-23 30
+11 1062
+1 670
-42 1122
+29 26
+12 40
+4 70
+2 105
-19 14
-1 6
+5 32
-7 92
-1 38
-1 318
-1 12
+12 178
+4 264

fn=(772) _nl_load_locale
166 192
+11 24
-11 144
+8 24
+1 24
+2 48
cfi=(187)
cfn=(660)
calls=24 28 
* 708
+1 48
+4 60
cfi=(197)
cfn=(704)
calls=12 29 
* 180
* 24
+6 48
+25 12
+10 72
-10 24
+10 12
cfi=(210)
cfn=(774)
calls=12 47 
* 108
* 12
+2 24
fi=(211) ./locale/../sysdeps/unix/sysv/linux/not-cancel.h
59 24
cfi=(202)
cfn=(740)
calls=12 -34 
* 72
fe=(209)
262 24
+4 48
cfn=(778)
calls=12 68 
* 10429
+1 36
+11 12
+1 12
+2 12
+1 264
fi=(211)
59 2
cfi=(202)
cfn=(740)
calls=1 -34 
* 6
fe=(209)
197 4
cob=(2)
cfi=(51)
cfn=(580)
calls=1 0 
* 24
+1 3
-1 1
+1 15
fi=(171) ./locale/./locale/localeinfo.h
+8 1
fe=(209)
-8 1
+2 1
fi=(171)
+6 1
fe=(209)
-8 1
fi=(171)
+8 1
fe=(209)
-6 1
fi=(171)
+6 2
fe=(209)
-6 1
cob=(2)
cfi=(51)
cfn=(644)
calls=1 0 
* 16
* 6
+4 4
cfi=(187)
cfn=(660)
calls=1 28 
* 27
* 1
+1 2
+3 3
cfi=(197)
cfn=(704)
calls=1 29 
* 15
* 2
-8 17

fl=(105) ./string/../sysdeps/x86_64/multiarch/strcasecmp.c
fn=(346) strcasecmp
31 1
fi=(305)
+1 5
fe=(105)
-1 1

fl=(179)
fn=(616)
311 96
+12 48
+1 120
+5 24
-16 24
-1 48
+12 480
+4 96
-2 96
+3 192
-6 360
+9 96
cob=(2)
cfi=(51)
cfn=(618)
calls=24 0 
* 4387
* 24
+2 72
+9 288
-2 288
+1 480
+2 192
-3 24
+4 48
-4 48
+6 24
+4 96

fn=(762) _nl_make_l10nflist
157 312
+10 24
-10 72
+10 24
cob=(2)
cfi=(51)
cfn=(580)
calls=24 0 
* 384
* 24
+2 48
+2 192
cob=(2)
cfi=(51)
cfn=(580)
calls=24 0 
* 384
* 24
+2 192
cob=(2)
cfi=(51)
cfn=(580)
calls=24 0 
* 384
* 24
+2 144
+1 48
cob=(2)
cfi=(51)
cfn=(580)
calls=24 0 
* 384
-10 48
+10 24
-10 48
cob=(2)
cfi=(51)
cfn=(618)
calls=24 0 
* 1870
* 24
+12 48
+7 96
cob=(2)
cfi=(51)
cfn=(650)
calls=24 0 
* 312
-89 120
+2 48
cob=(2)
cfi=(51)
cfn=(580)
calls=24 -98 
* 384
+2 24
+1 48
+87 48
+1 48
cob=(2)
cfi=(51)
cfn=(766) 0x0000000004874450
calls=24 0 
* 792
+2 48
+5 72
+5 72
+5 72
+7 24
-1 48
+1 72
cob=(2)
cfi=(51)
cfn=(650)
calls=24 0 
* 356
+5 120
+17 72
-95 12
-66 24
-1 12
+67 60
+1 60
+1 48
+1 36
243 48
74 36
+2 12
+3 12
-3 12
cob=(2)
cfi=(51)
cfn=(580)
calls=12 -76 
* 192
+1 24
-3 24
244 24
-2 24
cob=(2)
cfi=(51)
cfn=(618)
calls=12 0 
* 2360
* 12
+3 24
+6 48
76 12
+3 12
-3 12
cob=(2)
cfi=(51)
cfn=(580)
calls=12 -76 
* 192
+1 24
-3 24
256 36
+4 12
-5 12
+3 12
+2 12
74 48
-1 24
+3 12
+3 12
-3 12
cob=(2)
cfi=(51)
cfn=(580)
calls=12 -76 
* 192
+1 24
-3 24
275 60
+17 60
-16 72
+1 72
-1 96
+14 48
cob=(2)
cfi=(51)
cfn=(584)
calls=12 0 
* 346
* 24
+1 3
+1 1
+3 3
-3 9
-1 8
+9 12
+3 264
-46 24
-1 48
+38 4
+1 12
-1 4
+1 40
cfn=(763) _nl_make_l10nflist'2
calls=4 157 
* 6110
* 8
-1 80
-17 216
+8 36
-1 36
+1 36
cob=(2)
cfi=(51)
cfn=(580)
calls=36 0 
* 576
* 468
cfn=(763)
calls=36 157 
* 51259
fi=(208) ./intl/../string/argz.h
138 36
fe=(179)
285 36
fi=(208)
138 72
+1 72
cob=(2)
cfi=(51)
cfn=(580)
calls=36 0 
* 576
* 36
+2 252
fe=(179)
+62 24
+1 24
-1 24
+1 24
cob=(2)
cfi=(51)
cfn=(766)
calls=24 0 
* 736
* 24
-6 24
+1 24
-1 24
+1 24
cob=(2)
cfi=(51)
cfn=(766)
calls=24 0 
* 720
* 24
+63 24
+1 60
-26 24
cob=(2)
cfi=(51)
cfn=(652)
calls=12 0 
* 1092
+1 12
-21 48

fn=(763)
157 1079
+10 83
-10 249
+10 83
cob=(2)
cfi=(51)
cfn=(580)
calls=83 0 
* 1328
* 83
+2 166
+2 536
cob=(2)
cfi=(51)
cfn=(580)
calls=19 0 
* 304
* 19
+2 536
cob=(2)
cfi=(51)
cfn=(580)
calls=19 0 
* 304
* 19
+2 498
+1 166
cob=(2)
cfi=(51)
cfn=(580)
calls=83 0 
* 1328
-10 166
+10 83
-10 166
cob=(2)
cfi=(51)
cfn=(618)
calls=83 0 
* 11192
* 83
+12 166
+7 332
cob=(2)
cfi=(51)
cfn=(650)
calls=83 0 
* 1079
-89 415
+2 166
cob=(2)
cfi=(51)
cfn=(580)
calls=83 -98 
* 1328
+2 83
+1 166
+87 166
+1 166
cob=(2)
cfi=(51)
cfn=(766)
calls=83 0 
* 2739
+2 166
+5 249
+5 249
+5 249
+7 83
-1 166
+1 249
cob=(2)
cfi=(51)
cfn=(650)
calls=83 0 
* 1235
+5 498
-1 83
+2 363
+2 242
cob=(2)
cfi=(51)
cfn=(574)
calls=121 0 
* 3569
+1 242
+3 116
-7 154
+17 120
-95 40
-66 80
-1 40
+67 200
+1 200
+1 160
+1 120
243 160
74 120
+2 40
+3 40
-3 40
cob=(2)
cfi=(51)
cfn=(580)
calls=40 -76 
* 640
+1 80
-3 80
244 80
-2 80
cob=(2)
cfi=(51)
cfn=(618)
calls=40 0 
* 7849
* 40
+3 80
+6 160
76 40
+3 40
-3 40
cob=(2)
cfi=(51)
cfn=(580)
calls=40 -76 
* 640
+1 80
-3 80
256 120
+4 40
-5 40
+3 40
+2 40
+7 45
+1 15
74 160
-1 80
+3 40
+3 40
-3 40
cob=(2)
cfi=(51)
cfn=(580)
calls=40 -76 
* 640
+1 80
-3 80
275 200
+17 200
-16 188
+1 84
-1 138
+14 108
cob=(2)
cfi=(51)
cfn=(584)
calls=27 0 
* 773
* 52
cob=(2)
cfi=(51)
cfn=(584)
calls=13 0 
* 373
* 80
+1 21
+1 7
+3 21
-3 39
-1 32
+9 40
+3 913
-46 80
-1 160
+38 14
+1 42
-1 14
+1 140
cfn=(763)
calls=14 157 
* 10948
* 28
-1 86
-17 174
+8 29
-1 29
+1 29
cob=(2)
cfi=(51)
cfn=(580)
calls=29 0 
* 464
* 377
cfn=(763)
calls=29 157 
* 20519
fi=(208)
138 29
fe=(179)
285 29
fi=(208)
138 58
+1 58
cob=(2)
cfi=(51)
cfn=(580)
calls=29 0 
* 464
* 29
+2 203
fe=(179)
+62 19
+1 19
-1 19
+1 19
cob=(2)
cfi=(51)
cfn=(766)
calls=19 0 
* 578
* 19
-6 19
+1 19
-1 19
+1 19
cob=(2)
cfi=(51)
cfn=(766)
calls=19 0 
* 570
* 19
+63 50
+1 75
-26 86
cob=(2)
cfi=(51)
cfn=(652)
calls=43 0 
* 3913
+1 43

fl=(153) ./string/../sysdeps/x86_64/multiarch/strrchr-avx2.S
fn=(512) __strrchr_avx2
46 1370
+1 1370
+1 1370
+2 1370
+1 1370
+3 1370
+1 1370
+1 1370
+2 735
+1 735
+1 735
+1 735
+1 735
+1 735
+2 735
+1 735
+2 292
+1 292
+9 443
+1 443
+3 46
+1 46
+1 46
+1 46
+4 635
+1 635
+1 635
+1 635
+1 635
+1 635
+1 635
+1 635
+1 635
+1 635
+3 635
+1 635
+2 308
+1 308
+2 115
+4 327
+1 327
+3 201
+1 402
+4 201
+1 201
+1 201
+1 201
+1 201
+1 201
+1 201
+1 201
-7 185
+1 185
+1 185
+1 185
+1 185
+1 185
+1 185
+1 185
+32 386
+1 386
+2 278
+1 278
+1 205
+1 205
+6 205
+1 205
+2 410
+5 157
+1 157
+1 157
+3 24
+1 24
+1 24
+10 133
+1 133
+1 133
+1 133
+1 133
+2 133
+1 84
+1 84
+1 168
+5 126
+1 126
+8 126
+1 126
+1 126
+1 126
+1 126
+2 126
-6 397
+1 397
+1 397
+1 397
+1 397
+2 397
+1 479
+1 479
+1 958
+4 602
+1 1204

fl=(255) ./string/../sysdeps/x86_64/multiarch/strcspn-c.c
fn=(1336) __strpbrk_sse42
82 704
+1 1408
+6 2112
+47 2112
+30 2080
+4 336
fi=(256) /usr/lib/gcc/x86_64-linux-gnu/11/include/smmintrin.h
687 672
+24 336
-24 336
+24 336
fe=(255)
164 672
fi=(256)
687 1408
+24 704
-24 704
+24 704
fe=(255)
164 1408
-80 704
+88 704
-80 704
+3 704
fi=(309) /usr/lib/gcc/x86_64-linux-gnu/11/include/emmintrin.h
703 704
fe=(255)
92 704
fi=(309)
703 704
fe=(255)
99 704
fi=(310) /usr/lib/gcc/x86_64-linux-gnu/11/include/tmmintrin.h
+39 1408
fi=(256)
634 704
fe=(255)
99 704
fi=(310)
+39 704
fe=(255)
-39 1408

fl=(181)
fn=(624)
313 1
fi=(180)
3162 3
fe=(181)
313 5
+5 1
fi=(180)
3162 2
cfi=(182)
cfn=(626)
calls=1 28 
* 9
* 2
fe=(181)
343 2
+4 3
fi=(180)
1966 4
+3 1
-3 1
+3 2
-3 2
+3 126
-3 126
+3 252
-3 252
fe=(181)
352 3
fi=(180)
1977 1
+1 1
+2 1
fe=(181)
352 1
cob=(2)
cfi=(51)
cfn=(460) 0x0000000004874650
calls=1 0 
* 23
+1 4
cob=(2)
cfi=(51)
cfn=(460)
calls=1 0 
* 22
+1 4
cob=(2)
cfi=(51)
cfn=(460)
calls=1 0 
* 23
+1 4
cob=(2)
cfi=(51)
cfn=(460)
calls=1 0 
* 23
+1 4
cob=(2)
cfi=(51)
cfn=(460)
calls=1 0 
* 22
+1 4
cob=(2)
cfi=(51)
cfn=(460)
calls=1 0 
* 23
+1 4
cob=(2)
cfi=(51)
cfn=(460)
calls=1 0 
* 23
+2 4
cob=(2)
cfi=(51)
cfn=(460)
calls=1 0 
* 23
+1 4
cob=(2)
cfi=(51)
cfn=(460)
calls=1 0 
* 23
+1 4
cob=(2)
cfi=(51)
cfn=(460)
calls=1 0 
* 23
+3 4
cob=(2)
cfi=(51)
cfn=(460)
calls=1 0 
* 23
+1 4
cob=(2)
cfi=(51)
cfn=(460)
calls=1 0 
* 23
+1 2
+63 7

fl=(167)
fn=(578)
34 304
+4 304
+3 76
+50 342
-26 38
cob=(2)
cfi=(51)
cfn=(580)
calls=38 -65 
* 608
+10 38
-8 38
+6 38
-8 38
+7 38
+3 4820
+9 2448
cob=(2)
cfi=(51)
cfn=(584)
calls=13 -84 
* 358
* 26
+1 24
+1 24

fl=(223)
fn=(818)
40 5055
+1 1011
cob=(2)
cfi=(51)
cfn=(580)
calls=1011 -41 
* 25489
* 1011
+1 2022
cob=(2)
cfi=(51)
cfn=(618)
calls=1011 -42 
* 157825
+2 2022
+4 1011
-1 3033
+1 2022
-1 1011
cob=(2)
cfi=(51)
cfn=(650)
calls=1011 -47 
* 22934

fl=(283) ./io/../sysdeps/unix/sysv/linux/access.c
fn=(3318) access
25 13
+2 52
+4 13

fl=(297)
fn=(3644)
149 4
+1 4
+18 4

fl=(187)
fn=(660)
28 66
+3 33
-3 198
+3 198
+8 231
+2 165
-2 65

fl=(190)
fn=(668)
563 290
+1 29
cfn=(670) _IO_old_init
calls=29 -33 
* 671
+1 29
+1 58
+2 2
+4 2
+7 2
+2 2
-9 10
+15 2
+1 12
-1 27
+1 162
-2 54

fn=(692) __uflow
299 20
+1 12
+5 12
+3 4
173 4
308 8
+2 8
+6 8
+7 4
fi=(201)
940 12
+2 8
+1 8
fe=(190)
323 4
+1 4
-1 4
+1 8
-1 4
cfn=(694) _IO_default_uflow
calls=4 +38 
* 1359
-23 8
+21 12

fn=(728) _IO_un_link
53 6
+1 12
+28 6
cfn=(730) __GI__IO_un_link.part.0
calls=3 -30 
* 296

fn=(730)
52 6
+7 3
-7 21
+6 18
cfi=(192)
cfn=(676)
calls=3 -34 
* 30
+1 27
+2 3
-1 3
-1 6
+2 23
+13 2
-13 2
+2 2
+13 2
-15 4
+15 2
-13 4
+3 3
-1 6
+1 2
+8 4
+2 22
+2 6
-1 3
+1 21
+1 6
cfi=(192)
cfn=(678)
calls=3 -40 
* 24
+3 27
-19 3
+6 2
-1 2
+3 1
+3 1
-6 1
+3 1
+3 1
+2 2

fn=(3714) _IO_flush_all_lockp
686 12
+5 6
cfi=(192)
cfn=(676)
calls=1 24 
* 10
+1 9
+3 1
-8 1
+5 2
+3 2
fi=(201)
940 4
fe=(190)
709 4
+2 2
-16 6
+2 2
+1 4
+3 14
+14 9
+1 2
cfi=(192)
cfn=(678)
calls=1 39 
* 8
+4 12

fn=(736) _IO_unsave_markers
960 6
+2 3
-2 3
+2 3
+5 9
+2 6

fn=(670)
531 29
+3 29
-2 29
+2 29
+5 29
-7 29
+2 29
+10 29
-10 29
+16 29
-11 29
-5 29
+16 29
-16 29
+21 29
-16 145
+16 58
+1 4
+2 29

fn=(698) _IO_doallocbuf
343 3
+1 6
-1 9
+3 12
+1 3
fi=(201)
940 9
+2 6
+1 6
fe=(190)
347 6
cfi=(196) ./libio/./libio/filedoalloc.c
cfn=(700) _IO_file_doallocate
calls=3 78 
* 1276
* 6
+3 12

fn=(744) _IO_default_finish
601 9
+2 9
+6 9
+3 9
54 6
624 6

fn=(3712)
863 2
+3 1
-3 9
-77 1
+80 1
cfn=(3714)
calls=1 686 
* 110
-80 2
+80 1
-80 3
cfi=(192)
cfn=(676)
calls=1 24 
* 10
+1 9
+3 1
-3 2
+3 2
fi=(201)
940 4
fe=(190)
838 2
-48 6
+9 6
+2 3
+41 9
+1 2
cfi=(192)
cfn=(678)
calls=1 39 
* 8
+35 12

fn=(1372)
371 110
+3 220
-3 416
fi=(201)
940 52
fe=(190)
371 52
fi=(201)
940 52
fe=(190)
371 52
fi=(201)
940 52
fe=(190)
371 104
+18 78
+8 51
+2 401
fi=(201)
942 198
+1 198
fe=(190)
399 396
cfi=(191)
cfn=(3224) _IO_file_overflow@@GLIBC_2.2.5
calls=99 731 
* 3481
* 198
+2 99
-22 703
+2 153
+3 102
+2 48
cob=(2)
cfi=(51)
cfn=(644)
calls=12 0 
* 320
+1 12
-1 12
+1 24
+17 52
-29 52
+29 364
-11 338
+1 26
-1 26
+1 2
-1 2
+1 208
-1 97
+11 58
-11 52
+1 52
-1 78
+1 4
-1 32

fn=(694)
361 8
fi=(201)
940 8
fe=(190)
361 4
fi=(201)
940 4
fe=(190)
361 8
+1 4
fi=(201)
942 8
+1 8
fe=(190)
362 8
cfi=(191)
cfn=(696) _IO_file_underflow@@GLIBC_2.2.5
calls=4 +99 
* 1267
+1 8
+2 8
+1 16

fn=(674) _IO_link_in
87 28
+1 4
-1 12
+1 12
+18 40
-16 2
+2 6
-2 2
+2 2
+1 2
-1 6
cfi=(192)
cfn=(676)
calls=2 -68 
* 20
+1 18
+2 2
-1 2
-1 4
+2 20
+5 2
-3 2
-2 4
+3 2
-1 2
+3 24
+1 2
+1 14
+1 4
cfi=(192)
cfn=(678)
calls=2 -64 
* 16
+3 2

fn=(708) _IO_setb
329 297
+1 138
+5 66
-3 33
+3 132
+3 135
-7 3
cob=(2)
cfi=(51)
cfn=(652)
calls=3 0 
* 359
+4 9

fn=(710) _IO_switch_to_get_mode
164 20
+1 12
+3 12
+4 8
+1 8
+7 4
-4 4
+4 4
-2 8
+3 4
+1 16

fl=(299) ./nptl/./nptl/pthread_mutex_lock.c
fn=(3656) pthread_mutex_lock@@GLIBC_2.2.5
77 1
+3 3
+2 1
+2 2
-7 2
+11 2
+79 1
+3 1
+2 1
+3 1
+2 1
+1 3
-81 2
+11 4
+4 1
+3 2
-71 1
+1 8
+1 1
+84 3
+1 2

fl=(87) ./wcsmbs/../sysdeps/x86_64/multiarch/wcsnlen.c
fn=(302) wcsnlen
29 1
fi=(88) ./wcsmbs/../sysdeps/x86_64/multiarch/ifunc-wcslen.h
+5 4
-1 2
+2 3
+2 2
+4 3
+3 3
fe=(87)
-15 1

fl=(99) ./wcsmbs/../sysdeps/x86_64/multiarch/wcscmp.c
fn=(332) wcscmp
30 1
fi=(95) ./wcsmbs/../sysdeps/x86_64/multiarch/ifunc-avx2.h
+3 5
-1 2
+2 3
+2 2
+4 3
+3 4
fe=(99)
-13 1

fl=(148)
fn=(472)
96 2
+5 1
-5 1
+5 1
-5 3
+5 3
cob=(2)
cfi=(51)
cfn=(460)
calls=1 0 
* 22
+2 4
cob=(2)
cfi=(51)
cfn=(460)
calls=1 0 
* 22
+2 4
cob=(2)
cfi=(51)
cfn=(460)
calls=1 0 
* 22
+2 4
cob=(2)
cfi=(51)
cfn=(460)
calls=1 0 
* 22
+2 4
cob=(2)
cfi=(51)
cfn=(460)
calls=1 0 
* 22
+4 3
+1 1
+1 6

fl=(264) ./dirent/../sysdeps/unix/sysv/linux/closedir.c
fn=(1562) closedir
31 5
+3 10
-3 5
+13 5
+6 5
cob=(2)
cfi=(51)
cfn=(652)
calls=5 -50 
* 785
+2 5
+1 5
-1 5
cfi=(202)
cfn=(740)
calls=5 -27 
* 30

fl=(129) ./time/../sysdeps/unix/sysv/linux/gettimeofday.c
fn=(414) gettimeofday
42 1
fi=(311) ./time/../sysdeps/unix/sysv/linux/dl-vdso.h
-2 2
+1 2
fe=(129)
+1 2

fl=(145)
fn=(458)
50 2
+1 2
-1 4
+1 3
cob=(2)
cfi=(51)
cfn=(460)
calls=1 -51 
* 840
+2 4
cob=(2)
cfi=(51)
cfn=(460)
calls=1 -53 
* 23
+2 6

fl=(170)
fn=(592)
103 168
+3 12
-3 36
+3 12
+8 24
+17 36
cob=(2)
cfi=(51)
cfn=(574)
calls=12 0 
* 276
* 24
+1 36
cob=(2)
cfi=(51)
cfn=(574)
calls=12 0 
* 276
* 24
-58 24
cob=(2)
cfi=(51)
cfn=(580)
calls=12 -74 
* 192
* 12
+3 24
+4 60
cfi=(172) ./string/./string/memmem.c
cfn=(596) memmem
calls=12 -26 
* 1800
* 24
+3 24
+2 12
+1 48
+8 48
cob=(2)
cfi=(51)
cfn=(598) 0x0000000004874420
calls=12 -95 
* 264
* 24
+50 24
+4 24
+3 36
cfi=(174)
cfn=(602)
calls=12 -18 
* 10607
* 12
+1 24
324 144
118 24
cfi=(167)
cfn=(578)
calls=12 -84 
* 3132
* 24
-53 24
fi=(171)
206 60
fe=(170)
-86 12
cfi=(167)
cfn=(578)
calls=12 -86 
* 3132
* 24
-55 24
+57 24
cfi=(167)
cfn=(578)
calls=12 -88 
* 2736
* 24
-57 48
181 24
cob=(2)
cfi=(51)
cfn=(580)
calls=12 0 
* 192
* 228
cob=(2)
cfi=(51)
cfn=(650)
calls=12 0 
* 180
+15 24
-15 12
+15 48
cfi=(206)
cfn=(760)
calls=12 58 
* 3836
* 12
+2 24
fi=(171)
+8 12
fe=(170)
-2 36
fi=(171)
+2 12
fe=(170)
-2 36
fi=(171)
+2 24
fe=(170)
-2 12
fi=(171)
+2 12
fe=(170)
-2 108
cfi=(179)
cfn=(762)
calls=12 -47 
* 6352
+6 48
-6 12
+6 12
+15 24
+3 36
+3 36
+25 36
+24 36
+2 24
+3 24
cob=(2)
cfi=(51)
cfn=(580)
calls=12 0 
* 192
* 156
fi=(212) ./locale/../iconv/gconv_charset.h
60 12
fe=(170)
285 12
fi=(212)
85 12
fe=(170)
285 12
fi=(212)
60 24
+2 24
-4 12
+5 24
+1 180
-4 60
+11 60
-11 120
+2 60
+1 60
-1 180
+1 600
fe=(170)
+95 24
cfi=(188)
cfn=(662)
calls=12 -8 
* 55511
* 12
+1 24
+9 12
-1 12
+11 36
fi=(212)
74 36
+1 108
cob=(2)
cfi=(51)
cfn=(782)
calls=12 -75 
* 252
* 24
+2 12
+1 24
+7 1176
fe=(170)
291 36
cfi=(214)
cfn=(786)
calls=12 703 
* 5982
* 24
+10 36
+13 36
+5 36
+2 36
fi=(212)
74 36
+1 108
cob=(2)
cfi=(51)
cfn=(782)
calls=12 -75 
* 252
* 24
+2 12
fe=(170)
288 24
cob=(2)
cfi=(51)
cfn=(580)
calls=12 0 
* 192
* 156
fi=(212)
60 12
fe=(170)
288 24
fi=(212)
60 24
+2 24
-4 12
+5 24
+1 180
-4 60
+11 60
-11 120
+2 60
+1 60
-1 180
+1 600
fe=(170)
319 24
214 144
cfi=(179)
cfn=(762)
calls=12 -57 
* 69133
+5 12
-5 12
+5 24
+7 24
cob=(2)
cfi=(51)
cfn=(652)
calls=12 0 
* 1092
* 12
+8 60
+4 72
-4 48
+2 72
+1 48
cfi=(209)
cfn=(772)
calls=24 -71 
* 12879
+1 48
+67 36
cob=(2)
cfi=(51)
cfn=(510)
calls=12 0 
* 504
+2 12
-1 12
+1 24
+1 12
-1 24
+1 48
-1 96
+3 36
cfi=(222) ./string/./string/strndup.c
cfn=(812) strndup
calls=12 41 
* 1164
* 24
-67 12
-5 12
+5 24
+39 24

fl=(233)
fn=(864)
43 54
+5 18
+2 9
+1 9
+7 9
-7 36
-1 9
+3 9
-2 45
+7 9
-5 9
-2 9
+2 9
-2 9
+2 27
+5 27
-7 36
+7 54
+5 36
+2 9
+1 36
-1 9
+2 9
-1 54
+1 9
+1 9
-2 18
+2 9
-2 36
+5 54

fl=(265) ./io/../sysdeps/unix/sysv/linux/open64.c
fn=(1604) open
30 2
+3 1
-3 8
+3 6
+8 10
+2 7

fl=(191)
fn=(680) _IO_file_fopen@@GLIBC_2.2.5
213 22
+9 4
+2 12
356 24
247 43
+33 4
cfn=(682) _IO_file_open
calls=1 -98 
* 85
* 4
cfn=(682)
calls=1 -98 
* 91
* 2
+3 4
+3 6
cfi=(193) ./string/../string/strstr.c
cfn=(684) __GI_strstr
calls=2 77 
* 114
* 2
+1 4
-40 2
+20 3
+4 1
-1 1
+2 1
-44 2
-1 2
-13 4

fn=(702) _IO_file_stat
1146 3
+1 6
cfi=(197)
cfn=(704)
calls=3 29 
* 45

fn=(3226) _IO_do_write@@GLIBC_2.2.5
423 15
+2 45
+1 2
-3 13
fi=(201)
940 13
fe=(191)
423 26
fi=(201)
940 13
fe=(191)
423 13
fi=(201)
940 26
fe=(191)
423 65
+20 13
-10 26
+7 52
fi=(201)
942 26
+1 26
fe=(191)
448 52
cfn=(3230) _IO_file_write@@GLIBC_2.2.5
calls=13 1173 
* 598
* 13
+1 65
+2 13
+4 26
-3 26
-1 26
+4 26
-2 13
-28 52
+1 104
+28 26

fn=(696)
461 4
+4 12
-4 32
+7 8
+6 12
+3 8
+12 4
+9 8
fi=(201)
940 4
+2 4
-2 4
fe=(191)
505 8
cfi=(190)
cfn=(710)
calls=4 164 
* 100
+6 4
+5 4
-5 4
fi=(201)
942 8
fe=(191)
511 4
fi=(201)
942 4
fe=(191)
511 12
fi=(201)
943 8
fe=(191)
516 16
cfn=(712) _IO_file_read
calls=4 1130 
* 52
+2 8
+16 2
-9 2
+9 4
+2 4
+1 16
-6 2
-10 10
+11 2
-11 4
+16 16
-57 6
+5 4
cfi=(190)
cfn=(698)
calls=2 343 
* 855
+4 8

fn=(742) _IO_file_finish@@GLIBC_2.2.5
168 15
+1 6
+7 3
-1 6
+1 6
-1 3
cfi=(190)
cfn=(744)
calls=3 601 
* 48

fn=(734) _IO_file_close_it@@GLIBC_2.2.5
128 12
+2 9
+4 6
+3 3
-3 3
-1 6
+6 3
+3 3
-3 3
cfi=(190)
cfn=(736)
calls=3 960 
* 30
+3 9
fi=(201)
940 9
+2 6
+1 6
fe=(191)
142 6
cfn=(738) _IO_file_close
calls=3 1164 
* 27
* 3
+3 9
+8 15
cfi=(190)
cfn=(708)
calls=3 329 
* 452
+1 3
+3 3
-3 9
+3 3
cfi=(190)
cfn=(728)
calls=3 53 
* 12
+5 3
-4 3
+1 3
+3 3
-2 3
+3 15
-28 7
cfn=(3226)
calls=1 423 
* 5
* 2

fn=(738)
1164 3
+3 6
cfi=(202)
cfn=(740)
calls=3 25 
* 18

fn=(672) _IO_new_file_init_internal
106 2
+5 2
-5 4
+4 2
+3 2
cfi=(190)
cfn=(674)
calls=2 -26 
* 208
+1 2
+1 4

fn=(682)
182 4
+3 2
-3 14
+2 4
+4 1
cfi=(265)
cfn=(1604)
calls=1 30 
* 34
* 1
+1 4
+3 4
+3 2
-4 2
+1 8
+3 4
+10 4
cfi=(190)
cfn=(674)
calls=2 87 
* 48
+1 2
+1 8
-22 1
cfi=(187)
cfn=(660)
calls=1 28 
* 27
* 2

fn=(712)
1130 4
+1 4
+2 4
-1 4
+1 6
cfi=(267)
cfn=(1656)
calls=2 25 
* 16
-1 2
cfi=(199)
cfn=(714)
calls=2 25 
* 12

fn=(3224)
731 560
+1 448
+7 558
+37 111
-2 222
+3 198
+3 297
+1 297
+1 396
+4 99
+1 396
-45 2
+12 2
+9 3
+5 3
+2 2
-3 2
+3 1
+1 1
-6 1
+1 1
+5 4
+1 1
+2 2
+13 13
-12 13
+1 13
+11 26
-12 13
cfn=(3226)
calls=13 423 
* 1301
+9 2
-1 1
+1 1
-1 1
cfn=(3226)
calls=1 423 
* 108
* 2
-39 2
cfi=(190)
cfn=(698)
calls=1 343 
* 499
+1 1
+9 1
-9 5

fn=(3230)
1173 91
+2 78
+5 13
cfi=(275) ./io/../sysdeps/unix/sysv/linux/write.c
cfn=(3232) write
calls=13 25 
* 117
+1 26
+5 13
+1 13
-12 26
+4 39
+1 26
+10 39
+3 78
-4 39

fn=(3222)
1197 65
+7 13
-7 39
+6 52
+9 26
-2 52
+17 3
+6 12
+2 12
+2 24
-2 12
+1 12
+1 12
-2 12
cob=(2)
cfi=(51)
cfn=(644)
calls=12 0 
* 311
* 12
+4 24
+28 117
-55 12
+4 12
-4 12
+1 24
+18 1
+12 1
fi=(201)
940 3
+2 2
+1 2
fe=(191)
1243 12
fi=(201)
940 36
+2 24
+1 24
fe=(191)
1243 39
cfn=(3224)
calls=13 731 
* 2128
* 26
+6 26
+1 91
+2 26
+11 39
+1 4
cfi=(190)
cfn=(1372)
calls=1 371 
* 5395
+2 3
-48 36
-2 24
+4 12
+11 36
443 24

fn=(3242) _IO_file_sync@@GLIBC_2.2.5
792 195
+5 156
+2 39
+1 78
+11 78
+4 156

fl=(285)
fn=(3324)
433 26
+3 26
-3 13
+3 65
cfn=(3326) __spawnix
calls=13 315 
* 3673
+2 26

fn=(3326)
315 52
+8 13
-8 169
+15 13
+1 232
-1 516
+20 52
-1 39
-11 13
+11 26
-11 13
+12 13
-12 26
-1 13
+13 13
cfi=(210)
cfn=(774)
calls=13 47 
* 117
* 13
+2 26
+5 39
cfi=(286) ./nptl/./nptl/pthread_setcancelstate.c
cfn=(3328) pthread_setcancelstate
calls=13 25 
* 156
+5 13
-1 13
+2 13
-1 13
+2 26
+1 26
+3 13
-3 13
fi=(312) ./posix/../sysdeps/unix/sysv/linux/internal-signals.h
76 13
fe=(285)
365 26
fi=(312)
76 13
fe=(285)
367 13
fi=(312)
76 13
fe=(285)
368 13
+1 13
fi=(312)
76 26
fe=(285)
365 13
+4 13
fi=(312)
76 26
fe=(285)
381 13
+7 26
-7 104
+7 13
cfi=(287)
cfn=(3330)
calls=13 49 
* 975
* 13
+5 26
+8 13
+1 26
+12 39
cfi=(290) ./misc/../sysdeps/unix/syscall-template.S
cfn=(3336) munmap
calls=13 117 
* 78
+2 65
+1 13
fi=(312)
110 78
fe=(285)
421 39
cfi=(286)
cfn=(3328)
calls=13 25 
* 130
+3 156

fl=(225)
fn=(824)
30 15
+1 3
+7 3
+1 3
-1 6
+6 15
fi=(165)
221 6
535 3
-4 3
221 6
535 3
221 3
535 3
+3 3
-2 6
+2 6
+21 3
+2 24
+8 6
+13 6
fe=(225)

fl=(234) ./libio/./libio/iosetvbuf.c
fn=(874) setvbuf
35 9
+3 1
-3 1
+3 14
+1 2
+56 7
fi=(201)
883 2
+1 9
fe=(234)
72 1
+1 2
+1 2
+2 2

fl=(242)
fn=(1092)
705 3
+4 3
-4 3
+3 12
+3 3
-3 3
+3 9
-3 3
+3 3
cfn=(1094) _getopt_internal_r
calls=3 473 
* 214
+4 3
+1 3
-1 3
+1 6
+1 9
+2 6
+1 6

fn=(1094)
473 33
+1 3
+2 6
+5 3
-2 12
+2 12
-91 1
+1 1
-1 2
+4 3
+89 2
+9 2
-9 6
+3 2
-2 2
+3 6
+5 6
+6 9
+2 9
+3 9
+24 18
396 1
+1 2
+12 1
+77 1
+1 3
+5 2
699 27
556 6
+2 6
+2 6
+1 3
-1 3
+1 3
388 3

fl=(172)
fn=(596)
55 144
+4 48
+2 24
+4 24
+3 36
+2 24
+9 24
+8 12
-3 12
+3 432
+1 48
+1 108
-1 48
+1 84
-1 48
+4 36
-7 12
+34 12
-27 48
+1 12
-1 24
+3 60
+5 12
+1 72
+2 24
-3 12
+1 72
+2 72
+4 12
+1 24
-42 12
+60 132
-39 36

fl=(280) ./posix/./posix/spawnattr_setflags.c
fn=(3298) posix_spawnattr_setflags
34 13
+3 13
-1 26
+4 13
+2 13
+1 13

fl=(289)
fn=(3334)
52 13
+2 13
+1 13
+1 13
+3 13
+1 13
+3 13
+2 13
+4 13
+3 13
+1 13
+1 13
+1 13
+1 13
+5 13
+2 13
+1 13
+1 13
+2 13

fl=(168) ./string/../sysdeps/x86_64/multiarch/strlen-avx2.S
fn=(582) __strlen_avx2
50 16324
+13 16324
+1 16324
+1 16324
+3 16324
+2 16324
+1 16324
+3 15089
+1 15089
+8 15089
+1 15089
+1 14238
+5 28476
+26 485
+13 485
+1 485
+1 485
+6 970
+4 250
+13 250
+1 250
+1 250
+6 500
+4 37
+13 37
+1 37
+1 37
+6 74
+4 34
+13 34
+1 34
+1 34
+6 68
+7 851
+15 851
+6 851
+1 851
+1 851
-8 20
+6 20
+1 20
+1 20
+2 386
+1 386
+1 386
+1 386
+2 136
+1 136
+1 136
+1 136
+2 99
+1 99
+1 99
+1 99
+18 65
+1 130
+14 65
+1 65
+1 65
+1 65
+2 65
+1 65
+1 65
+2 65
+1 65
+1 65
-11 810
+1 810
+1 810
+1 810
+2 810
+1 810
+1 810
+2 810
+1 810
+1 810
+3 65
+1 65
+1 65
+1 65
+1 65
+2 60
+1 60
+1 60
+1 60
+3 41
+1 41
+3 41
+1 41
+1 41
+1 41
+1 41
+5 82
+50 5
+1 5
+1 5
+5 10
+4 19
+1 19
+1 19
+5 38
509 1235
+1 1235
+1 1235
+3 1235
+15 1235
+1 1235
+1 1215
+7 2430

fn=(816) __strnlen_avx2
50 316
+7 316
+2 316
+2 316
+2 316
+1 316
+1 316
+3 316
+2 316
+1 316
+3 314
+1 314
+3 314
+1 314
+4 26
+1 26
+21 288
+1 288
+5 576
219 26
+7 26
+1 26
+7 26
+3 26
+1 26
-12 1
+1 1
+7 1
+3 1
+1 1
345 27
+3 27
+1 27
+5 24
+1 24
+1 24
+2 17
+1 17
+2 12
+1 12
+1 12
+2 12
+1 12
+37 7
+2 7
+1 7
+11 27
+1 54
+5 3
+1 3
+2 3
+1 3
+1 3
+1 3
+3 3
+1 3
+1 3
+1 3
+1 3
+2 3
+1 3
+2 3
+1 3
+1 3
+2 3
+1 3
+63 2
+1 2
+1 2
+3 2
+2 2
+1 2
+1 1
+1 1
+6 1
+1 1
+17 1
+5 1
+1 1
+4 2

fl=(215)
fn=(788)
527 12
+1 36
cfi=(216)
cfn=(790)
calls=12 136 
* 558

fn=(796)
463 8
+1 5
+4 1
cfi=(218)
cfn=(798)
calls=1 48 
* 389
* 2
+3 3
+43 11

fl=(238) ./string/../sysdeps/x86_64/multiarch/memcmp-avx2-movbe.S
fn=(962) __memcmp_avx2_movbe
71 130
+7 130
+1 130
+75 2
+10 2
+1 2
+1 2
+3 4
399 130
+1 130
+5 118
+1 118
+1 118
+1 118
+1 118
+3 105
+1 105
+1 105
+1 105
+3 105
+1 105
+1 103
+1 206
+6 13
+1 13
+2 13
+1 13
+1 2
+1 2
+20 12
+1 12
+1 12
+1 12
+2 12
+6 11
+1 11
+1 11
+1 11
+1 11
+1 11
+2 11
+1 11
+1 11
+1 11
+1 11
+1 11
+1 11
+1 11
+2 11
+46 2
+1 2
+1 2
+1 2
+1 2
+1 2
+1 2
+1 2
+1 2
+1 2
+5 2

fl=(128) ./string/../sysdeps/x86_64/multiarch/rawmemchr.c
fn=(408) rawmemchr
31 1
fi=(124)
+4 5
-1 2
+2 3
+5 2
-3 2
+9 3
+3 4
fe=(128)
-19 1

fl=(271) ./string/../sysdeps/x86_64/multiarch/memrchr-avx2.S
fn=(2542) __memrchr_avx2
38 80
+2 80
+1 80
+2 80
+1 80
+2 4
+3 4
+1 4
+1 4
+1 4
205 4
+1 4
+1 8
+4 3
+1 3
+1 3
+1 6
+38 48
+1 96
+31 76
+3 76
+1 76
+2 76
+1 76
+1 76
+2 76
+1 76
+1 76
+1 76
+2 76
+1 76
+3 44
+1 44
+3 44
+1 44
+2 44
+1 44
+1 44
+2 44
+1 44
+1 44
+2 12
+1 12
+1 12
+1 24
+4 32
+3 32
+2 32
+1 32
+1 32
+2 32
+3 32
+2 32
+1 32
+3 29
+2 29
+2 29
+4 29
+1 29
+1 29
+2 13
+1 13
+1 13
+1 26

fl=(244)
fn=(1250)
34 18
+4 6
-4 18
+4 36
+2 12
+2 6
+4 6
+17 24
-21 6
+9 6
-5 6
+5 6
+12 12
-12 12
+12 12
-12 12
+12 6
+14 36

fl=(253) ./signal/../sysdeps/unix/sysv/linux/sigprocmask.c
fn=(1308) sigprocmask
24 102
+1 51
cfi=(254) ./nptl/./nptl/pthread_sigmask.c
cfn=(1310) pthread_sigmask@@GLIBC_2.32
calls=51 * 
* 1377
+1 102
+4 102

fl=(118) ./string/../sysdeps/x86_64/multiarch/strlen.c
fn=(380) strlen
29 2
fi=(84)
+4 10
-1 4
+2 6
+2 4
+4 6
+3 8
fe=(118)
-14 2

fl=(132) ./time/../sysdeps/unix/sysv/linux/time.c
fn=(420) time
38 1
fi=(311)
+2 2
+1 2
fe=(132)
-3 2

fl=(184)
fn=(640)
37 14
+6 7
-6 7
+3 7
-3 14
+3 7
+3 7
+20 3
+15 35
-20 14
+1 2
cfi=(185) ./misc/../sysdeps/unix/sysv/linux/brk.c
cfn=(642) brk
calls=1 -24 
* 9
* 2
+4 1
-1 14
+4 13
+2 2
-2 3
+8 1
cfi=(185)
cfn=(642)
calls=1 -39 
* 9
* 3
cfi=(185)
cfn=(642)
calls=3 -39 
* 27
* 8

fl=(239) ./io/../sysdeps/unix/sysv/linux/getcwd.c
fn=(966) getcwd
49 13
+6 2
+11 3
+14 5
+1 5
+50 12
-47 5
fi=(240) ./io/../sysdeps/posix/getcwd.c
471 6
fe=(239)

fl=(259)
fn=(1368)
36 378
+4 54
+6 135
cfi=(190)
cfn=(708)
calls=27 329 
* 648
+5 81
-1 108
+14 27
-14 162
+15 189
-23 27
+1 135

fl=(100) ./string/../sysdeps/x86_64/multiarch/stpncpy.c
fn=(336) stpncpy
31 1
fi=(101)
+5 2
+1 1
-1 2
+1 2
+2 2
+4 3
+3 3
fe=(100)
-15 1

fl=(157)
fn=(522)
69 18
-28 4
+2 12
+1 4
cfn=(524) __new_exitfn
calls=2 +38 
* 68
+2 4
+10 2
+2 2
-5 6
+3 2
-1 2
+4 4
+1 2
-1 4
+12 12

fn=(524)
82 2
+6 4
-6 8
+11 8
-10 4
+12 4
+1 5
-1 4
-2 1
+10 1
-10 3
+13 2
+25 1
+1 2
-1 2
+7 1
+5 1
-4 1
+4 4
-5 1
+5 1
-4 1
+4 4
-18 1
-1 1
+1 1

fl=(203)
fn=(750) msort_with_tmp.part.0
39 486
+8 81
-8 81
+8 81
+1 162
-9 81
+11 81
-11 81
+11 81
-11 162
+11 81
-6 324
cfn=(751) msort_with_tmp.part.0'2
calls=81 -5 
* 42975
* 567
cfn=(751)
calls=81 -5 
* 55131
+12 81
-1 162
+4 81
-3 81
+1 81
+1 81
-1 81
+2 162
159 405
+1 567
-1 81
cob=(2)
cfi=(51)
cfn=(650)
calls=81 0 
* 2097
49 810
+55 405
-1 81
+1 81
cob=(5)
cfi=(155)
cfn=(2594) stemlen_compare
calls=80 0 
* 536
cfi=(188)
cfn=(752)
calls=1 415 
* 69
-55 263
+55 1315
-1 263
+1 263
cob=(5)
cfi=(155)
cfn=(2594)
calls=240 0 
* 1604
cfi=(188)
cfn=(752)
calls=23 415 
* 1609
* 1032
+10 64
-1 32
+3 5680
+1 640
-1 960
+1 640
-1 3200
-18 1801
+61 162
-2 186
-40 72
-1 48
+1 72
-1 72
-8 624
-1 624

fn=(751)
39 3210
+8 535
-8 535
+8 535
+1 1070
-9 535
+11 535
-11 535
+11 535
-11 1070
+11 535
-6 1278
cfn=(751)
calls=104 -5 
* 43793
* 2415
cfn=(751)
calls=269 -5 
* 75011
+12 269
-1 538
+4 269
-3 269
+1 269
+1 269
-1 269
+2 538
+99 55
cob=(2)
cfi=(51)
cfn=(650)
calls=11 0 
* 153
+1 2675
+1 3745
-1 535
cob=(2)
cfi=(51)
cfn=(650)
calls=535 0 
* 8295
55 266
+1 266
-1 266
+3 266
-2 266
+1 266
+2 266
-2 266
+2 532
+39 532
-49 5350
+55 2675
-1 535
+1 535
cob=(5)
cfi=(155)
cfn=(2594)
calls=492 0 
* 3240
cfi=(188)
cfn=(752)
calls=43 415 
* 2651
-55 321
+55 1605
-1 321
+1 321
cob=(5)
cfi=(155)
cfn=(2594)
calls=268 0 
* 1824
cfi=(188)
cfn=(752)
calls=53 415 
* 3207
* 2568
+10 148
-1 74
+3 13880
+1 1520
-1 2280
+1 1520
-1 7600
-18 4837
+61 1070
-2 1177
-40 288
-1 192
+1 288
-1 288
-8 1564
-1 1564

fn=(748) qsort_r
165 1377
+6 162
-5 162
+8 162
+2 1053
-9 81
+9 324
+60 81
-3 81
+3 81
-2 81
+1 81
+1 81
+2 162
+45 162
+1 162
44 486
cfn=(750)
calls=81 -5 
* 127623
298 162
cob=(2)
cfi=(51)
cfn=(652)
calls=81 0 
* 486
+1 891
-13 162
+2 162
+4 162
+2 162

fn=(746)
306 81
+1 162
cfn=(748)
calls=81 165 
* 134589

fl=(254)
fn=(1310)
25 306
+5 102
+2 51
fi=(313) ./nptl/../sysdeps/unix/sysv/linux/sigsetops.h
+64 51
fe=(254)
-64 102
+8 255
+5 255
+1 255

fl=(236) ./io/../sysdeps/unix/sysv/linux/fcntl64.c
fn=(892) fcntl
38 42
+4 35
+6 28
+3 7
cfi=(237) ./io/../sysdeps/unix/sysv/linux/fcntl_nocancel.c
cfn=(894) __fcntl64_nocancel_adjusted
calls=7 * 
* 112
+1 35

fl=(275)
fn=(3232)
25 13
+1 91
+1 13

fl=(279) ./posix/./posix/spawnattr_setsigmask.c
fn=(3294) posix_spawnattr_setsigmask
25 13
+2 13
+3 13
-3 195
+3 13

fl=(200)
fn=(726)
34 15
+14 9
fi=(201)
883 6
+1 9
fe=(200)
57 3
fi=(201)
940 9
+2 6
+1 6
fe=(200)
57 9
cfi=(191)
cfn=(742)
calls=3 168 
* 87
+1 9
+13 6
fi=(201)
855 12
+1 10
+6 4
cob=(2)
cfi=(51)
cfn=(652)
calls=2 0 
* 182
fe=(200)
76 15
-27 3
cfi=(190)
cfn=(728)
calls=3 +4 
* 308
+2 27
+1 2
-1 4
fi=(201)
883 4
fe=(200)
52 4
fi=(201)
883 2
fe=(200)
52 2
+1 6
cfi=(191)
cfn=(734)
calls=3 +75 
* 694
fi=(201)
883 3
fe=(200)
53 3
fi=(201)
883 6
+1 8
fe=(200)

fl=(250)
fn=(1266)
28 284
+1 568
cfi=(198)
cfn=(706)
calls=142 153 
* 1427

fl=(127) ./string/../sysdeps/x86_64/multiarch/strncase.c
fn=(406) strncasecmp
31 1
fi=(305)
+1 5
fe=(127)
-1 1

fl=(278) ./posix/./posix/spawn_faction_init.c
fn=(3290) posix_spawn_file_actions_init
49 13
+2 13
+2 13
-2 65
+2 13

fl=(102) ./wcsmbs/../sysdeps/x86_64/multiarch/wmemchr.c
fn=(340) wmemchr
31 2
fi=(103) ./wcsmbs/../sysdeps/x86_64/multiarch/ifunc-evex.h
+4 10
-1 4
+2 6
+5 4
-3 4
+9 6
+3 8
fe=(102)
-19 2

fl=(196)
fn=(700)
78 27
+6 12
fi=(201)
940 9
+2 6
+1 6
fe=(196)
84 9
cfi=(191)
cfn=(702)
calls=3 1146 
* 54
* 6
+2 12
+11 12
+4 6
cob=(2)
cfi=(51)
cfn=(618)
calls=3 0 
* 985
* 3
+1 6
+2 12
cfi=(190)
cfn=(708)
calls=3 329 
* 72
+1 3
+1 24
-15 1
fi=(314) ./libio/../include/sys/sysmacros.h
-44 6
fe=(196)
+44 1
-2 2
+5 2

fl=(210)
fn=(774)
47 52
+3 52
+8 104
+2 26

fl=(91) ./wcsmbs/../sysdeps/x86_64/multiarch/wcslen.c
fn=(310) wcslen
29 1
fi=(88)
+5 4
-1 2
+2 3
+2 2
+4 3
+3 3
fe=(91)
-15 1

fl=(106) ./string/../sysdeps/x86_64/multiarch/strcspn.c
fn=(348) strcspn
29 1
fi=(315) ./string/../sysdeps/x86_64/multiarch/ifunc-sse4_2.h
+1 5
fe=(106)
-1 1

fl=(125) ./string/../sysdeps/x86_64/multiarch/strspn.c
fn=(400) strspn
29 1
fi=(315)
+1 5
fe=(125)
-1 1

fl=(143)
fn=(454)
38 2
+1 7
+1 1

fl=(276) ./libio/./libio/iofflush.c
fn=(3240) fflush
32 39
+1 78
-1 117
+7 546
+1 39
fi=(201)
940 117
+2 78
+1 78
fe=(276)
40 78
cfi=(191)
cfn=(3242)
calls=39 792 
* 702
* 78
fi=(201)
883 78
+1 351
fe=(276)
44 195

fl=(204) ./string/../sysdeps/x86_64/multiarch/strcmp-sse42.S
fn=(756) __strcasecmp_l_avx
128 192
+12 192
+2 192
+1 192
+21 192
+1 192
+2 192
+1 192
+19 192
+2 192
+2 192
+3 192
+1 192
+1 120
+1 120
+1 99
+1 99
+31 990
+4 99
+1 99
+1 99
+1 99
+1 99
+1 99
+1 99
+15 93
+1 93
+1 93
+1 93
+1 93
+1 93
+1 93
+1 93
+1 93
+1 91
+1 64
+1 64
+1 64
+2 64
+1 64
+1 64
+1 64
+1 64
+1 64
+1 64
+1 64
+1 64
-8 27
+1 27
+1 27
+1 27
+1 27
+1 27
+1 27
+1 27
+1 27
+10 2
+1 2
+4 2
+1 20
+1 2
+2 2
+1 2
+1 2
+1 2
+1 2
+5 2
552 1
+1 10
+1 1
+1 1
+1 1
+1 1
+1 1
+1 1
+1 1
+80 2
+1 20
+1 2
+1 2
+1 2
+1 2
+1 2
+1 2
+1 2
819 16
+1 160
+1 16
+1 16
+1 16
+1 16
+1 16
+1 16
+1 16
+81 7
+1 70
+1 7
+1 7
+1 7
+1 7
+1 7
+1 7
+1 7
+81 6
+1 60
+1 6
+1 6
+1 6
+1 6
+1 6
+1 6
+1 6
+1 1
+4 1
+1 1
+6 1
+1 1
+1 1
+1 2
+4 1
+1 1
+3 1
+1 1
+4 1
+1 10
+1 1
+2 1
+49 7
+1 70
+1 7
+1 7
+1 7
+1 7
+1 7
+1 7
+1 7
+82 4
+1 40
+1 4
+1 4
+1 4
+1 4
+1 4
+1 4
+1 4
+81 6
+1 60
+1 6
+1 6
+1 6
+1 6
+1 6
+1 6
+1 6
+81 7
+1 70
+1 7
+1 7
+1 7
+1 7
+1 7
+1 7
+1 7
+81 11
+1 110
+1 11
+1 11
+1 11
+1 11
+1 11
+1 11
+1 11
+1 1
+4 1
+1 1
+6 1
+1 1
+1 1
+2 2
+4 1
+1 1
+3 1
+1 1
+4 1
+1 10
+1 1
+2 1
+49 6
+1 60
+1 6
+1 6
+1 6
+1 6
+1 6
+1 6
+1 6
+82 18
+1 180
+1 18
+1 18
+1 18
+1 18
+1 18
+1 18
+1 18
+85 2
+5 2
+1 2
+1 2
+1 2
+1 2
+1 2
+4 2
+1 2
+1 2
+3 2
+1 2
+3 91
+1 91
+1 91
+1 91
+1 128
+5 64
+6 64
+1 64
+3 64
+1 64
+1 64
+3 64
+1 64
-16 126
+6 126
+1 126
+3 126
+1 126
+1 126
+3 126
+1 126

fl=(227) ./intl/./intl/textdomain.c
fn=(836) textdomain
65 4
+6 1
-6 2
+5 2
+3 2
+9 1
-9 2
cfi=(164)
cfn=(570)
calls=1 -50 
* 36
+5 1
-3 1
+3 1
+33 1
-8 1
+8 1
+2 2
+4 2
cfi=(225)
cfn=(824)
calls=1 -87 
* 42
+3 7
-41 3
cob=(2)
cfi=(51)
cfn=(574)
calls=1 -79 
* 23
* 2
+5 3
cob=(2)
cfi=(51)
cfn=(574)
calls=1 -84 
* 23
* 2
+10 2
cfi=(223)
cfn=(818)
calls=1 -54 
* 234
* 1
+8 2

fl=(304)
fn=(3720)
27 2
+3 1
+1 2

fl=(160)
fn=(554)
30 1
+2 1
+9 1
+1 2
+1 1
+4 1
+1 1
+1 1
+1 1
+1 1
+2 2
+2 1
+1 1
+1 1
+2 2
+2 1
+5 1
+1 1
+17 1
cfi=(161)
cfn=(556)
calls=1 -56 
* 9

fl=(119) ./string/../sysdeps/x86_64/multiarch/strncpy.c
fn=(384) strncpy
29 1
fi=(101)
+7 2
+1 1
-1 2
+1 2
+2 2
+4 3
+3 3
fe=(119)
-17 1

fl=(175)
fn=(604)
32 120
+1 36
fi=(176) ./posix/../sysdeps/unix/sysv/linux/x86/../sysconf.c
+16 96
fi=(177) ./posix/../sysdeps/posix/sysconf.c
+7 168
fi=(176)
-7 24
fe=(175)
-12 108
fi=(177)
217 12
cfi=(178)
cfn=(610)
calls=12 27 
* 72
* 24
fe=(175)

fl=(281) ./io/../sysdeps/posix/euidaccess.c
fn=(3308) eaccess
121 1105
+22 170
cfi=(250)
cfn=(1266)
calls=85 28 
* 1406
* 170
+8 52
+30 1020
-25 13
cfi=(282)
cfn=(3310)
calls=13 -65 
* 52
* 13
+1 13
cfi=(282)
cfn=(3312)
calls=13 -66 
* 52
* 13
+2 13
cfi=(282)
cfn=(3314)
calls=13 -68 
* 52
* 39
cfi=(282)
cfn=(3316)
calls=13 -68 
* 52
* 26
+2 39
cfi=(283)
cfn=(3318)
calls=13 25 
* 78
* 26
-17 144

fl=(133) ./string/../sysdeps/x86_64/multiarch/strstr.c
fn=(422) strstr
44 7

fl=(189)
fn=(666)
85 12
-20 2
+20 4
-20 2
cob=(2)
cfi=(51)
cfn=(618)
calls=2 -65 
* 230
+2 6
+3 2
+2 4
-2 2
+2 10
cfi=(190)
cfn=(668)
calls=2 563 
* 110
+1 2
+1 2
-1 2
+1 2
cfi=(191)
cfn=(672)
calls=2 +32 
* 226
+1 10
cfi=(191)
cfn=(680)
calls=2 213 
* 437
* 4
-38 4
+50 14

fl=(193)
fn=(684)
77 16
+5 2
-5 6
+5 4
+2 8
cob=(2)
cfi=(51)
cfn=(588)
calls=2 -84 
* 46
* 2
+1 4
+44 2
+32 24

fl=(85) ./string/../sysdeps/x86_64/multiarch/strpbrk.c
fn=(298) strpbrk
29 2
fi=(315)
+1 10
fe=(85)
-1 2

fl=(107) ./wcsmbs/../sysdeps/x86_64/multiarch/wcscpy.c
fn=(350) wcscpy
43 1
-6 5
+6 1

fl=(266) ./debug/./debug/fgets_chk.c
fn=(1654) __fgets_chk
33 585
+4 130
+2 975
+4 65
-4 130
+4 65
+2 65
-1 65
+1 65
-2 65
+2 65
-1 65
+1 390
cfi=(195)
cfn=(688)
calls=65 -12 
* 8068
+3 195
+1 1
+8 2
fi=(268) ./debug/../libio/libioP.h
883 2
fe=(266)
57 128
fi=(268)
883 128
+1 585
fe=(266)
60 585
-12 128
+2 128
+4 64
+1 64
+2 128

fl=(237)
fn=(894)
51 35
+1 14
+11 28
+1 35

fl=(249)
fn=(3636) chdir
120 5
+2 1

fn=(1264)
117 10
+5 2

fl=(286)
fn=(3328)
25 26
+4 26
-1 52
+3 26
+2 52
+1 26
+1 13
+2 13
+1 13
-3 13
+2 13
+1 13

fl=(290)
fn=(3336)
117 65
+5 13

fl=(263)
fn=(1528)
27 10
+5 70
+1 10

fl=(301) ./stdlib/./stdlib/cxa_finalize.c
fn=(3670) __cxa_finalize
30 4
+3 4
-3 14
+3 8
+3 6
+4 12
-4 6
+58 8
+4 12
-4 6
+11 4
+1 4
cfi=(302)
cfn=(3672)
calls=2 -30 
* 32
+1 8
+1 16

fl=(162) ./ctype/../include/ctype.h
fn=(564) __ctype_b_loc
40 1
+1 2
+1 1

fl=(120) ./wcsmbs/../sysdeps/x86_64/multiarch/wmemcmp.c
fn=(388) wmemcmp
29 1
fi=(121) ./wcsmbs/../sysdeps/x86_64/multiarch/ifunc-memcmp.h
+5 2
+1 1
-1 2
+1 2
+1 2
+1 3
+2 2
+4 3
+3 3
fe=(120)
-17 1

fl=(202)
fn=(740)
25 22
+1 88
+1 22

fl=(230) ./signal/./signal/sigaddset.c
fn=(850) sigaddset
26 16
+1 80
fi=(231)
+25 16
fe=(230)
-24 32
fi=(229)
+74 32
+2 16
fe=(230)
-69 16
+1 16

fl=(224)
fn=(822)
33 1
+5 1
+27 2
-8 2
+2 1
+2 1
-5 1
+3 1
+2 1
-3 1
+2 1
+5 2
+40 4
+1 1
-1 1
+2 1
-2 1
+1 3
+1 3
+1 3
+1 3
+1 3
+2 1
-45 2
+2 2
+2 3

fl=(94) ./wcsmbs/../sysdeps/x86_64/multiarch/wcschr.c
fn=(318) wcschr
31 2
fi=(95)
+2 10
-1 4
+2 6
+2 4
+4 6
+3 8
fe=(94)
-12 2

fl=(185)
fn=(642)
35 5
+1 20
+1 10
+6 5
+1 5

fl=(294)
fn=(3378)
37 13
+1 26
cfi=(295)
cfn=(3380)
calls=13 -11 
* 130

fl=(89) ./string/../sysdeps/x86_64/multiarch/memset.c
fn=(306) memset
29 2
fi=(90) ./string/../sysdeps/x86_64/multiarch/ifunc-memset.h
+21 10
+3 6
+7 4
+9 4
+2 4
+10 4
+8 4
+2 10
fe=(89)

fl=(97) ./string/../sysdeps/x86_64/multiarch/strrchr.c
fn=(324) rindex
28 2
fi=(84)
+5 10
-1 4
+2 6
+2 4
+4 6
+3 8
fe=(97)
-15 2

fl=(195)
fn=(688)
33 148
+1 296
cfn=(690) _IO_getline_info
calls=148 +15 
* 17367

fn=(690)
49 2072
+2 296
+2 444
+2 592
+28 146
+2 730
cob=(2)
cfi=(51)
cfn=(598)
calls=146 -85 
* 4146
* 146
+1 292
-29 450
+1 300
+2 8
cfi=(190)
cfn=(692)
calls=4 299 
* 1511
+1 8
+6 4
+11 2
-1 4
-22 4
+52 16
-18 146
+1 146
-2 292
+1 146
+1 292
+2 146
+2 292
+2 730
cob=(2)
cfi=(51)
cfn=(650)
calls=146 -96 
* 2386
+1 146
+1 146
-1 146
+10 1168
-44 2
+25 4
-25 4
-9 4

fl=(222)
fn=(812)
41 1580
+1 316
cob=(2)
cfi=(51)
cfn=(814) 0x0000000004874390
calls=316 -42 
* 6837
+1 316
-1 316
+1 316
cob=(2)
cfi=(51)
cfn=(618)
calls=316 -43 
* 48399
+2 632
+3 316
+2 316
-1 948
+1 632
-1 316
cob=(2)
cfi=(51)
cfn=(650)
calls=316 -49 
* 5407

fl=(257) ./debug/./debug/sprintf_chk.c
fn=(1364) __sprintf_chk
25 182
+3 56
+6 14
+2 28
+3 14
+1 28
-1 70
+1 14
cfi=(258)
cfn=(1366)
calls=14 +32 
* 12408
+4 70

fl=(110) ./string/../sysdeps/x86_64/multiarch/memcmp.c
fn=(358) bcmp
29 2
fi=(111) ./string/../sysdeps/x86_64/multiarch/ifunc-memcmp.h
+5 4
+1 2
-1 4
+1 4
+1 4
+1 6
+2 4
+4 6
+3 6
fe=(110)
-17 2

ob=(1)
fl=(65) ./io/../sysdeps/unix/sysv/linux/access.c
fn=(208) access
25 1
+2 7
+4 1

fl=(29) ./string/../sysdeps/x86_64/multiarch/memmove-vec-unaligned-erms.S
fn=(128) mempcpy
199 32
+1 32
+1 32
+1 32
+17 32
+1 32
+2 6
+1 6
+1 6
+2 5
+1 5
+1 5
+2 5
360 26
+1 26
+2 8
+4 8
+1 3
+1 3
+1 2
+1 2
+1 2
+1 2
+2 2
+2 3
+6 5
+1 5
+1 5
+1 5
+1 5
+29 18
+1 18
+1 18
+1 18
+1 18
+7 1
+1 1
+1 1
+1 1
+1 1
+1 1
+1 1
+11 1
+1 1
+2 1
+1 1
+1 1

fn=(80) memcpy
212 16
+1 16
+6 16
+1 16
+2 10
+1 10
+1 10
+2 7
+1 7
+1 7
+2 7
360 6
+1 6
+2 1
+4 1
+1 1
+1 1
+1 1
+1 1
+4 1
+2 1
+39 5
+1 5
+1 5
+1 5
+1 5
+7 3
+1 3
+1 3
+1 3
+1 3
+1 3
+1 3
+11 3
+1 3
+2 3
+1 3
+1 3

fl=(16) ./elf/../sysdeps/x86/cpu-features.c
fn=(40) update_active.constprop.0
43 7
+45 1
-41 1
+28 1
-18 1
+31 1
+4 1
-36 1
-1 1
+37 1
-26 1
-11 1
+1 1
+36 2
+1 1
-17 1
-21 1
+25 1
-4 1
-11 1
+28 1
-1 1
-36 1
+18 1
+19 1
-13 1
-4 1
-11 1
+19 1
+11 1
-3 1
-12 1
+14 1
-29 1
+18 1
+9 1
-18 1
+13 1
-13 1
-9 1
+29 2
+3 1
-14 1
-9 1
+9 1
+4 1
+10 1
-17 1
+7 1
+5 1
+5 1
+1 1
-1 1
+1 2
+2 2
+1 4
+3 1
+1 1
-1 1
+1 1
-1 1
+1 1
-1 1
+1 1
+4 2
+4 2
+2 4
+83 3
+12 2
+1 1
+3 3
+4 1
-4 1
+4 1
+67 3
+4 3
fi=(18) ./elf/../sysdeps/x86/get-isa-level.h
31 1
-3 1
+3 1
-1 2
fe=(16)
296 1
+1 8
-75 3
+1 2
+3 1
-1 1
+9 1
-5 1
+2 1
-2 1
+5 1
fi=(18)
32 3
+4 3
fe=(16)
+83 2
+2 1
+3 2
+10 1
+10 1
-10 1
+10 1
-10 1
+6 1
+4 1
-4 1
-6 1
+6 1
+2 1
-2 1
+2 3
+7 4
fi=(18)
39 3
+1 4
+5 1
-7 1
+7 3
+2 1
+1 2
+1 3
+2 4
+1 2
+1 2
+6 1
-4 1
+4 1
-3 2
fe=(16)
+75 1
-5 2
+4 1

fn=(34) init_cpu_features.constprop.0
399 1
+16 1
-16 6
+3 1
+1 1
+1 1
+11 2
+3 6
593 1
+94 5
+1 1
+3 2
+1 1
+6 1
+3 1
fi=(19) ./elf/../sysdeps/x86/dl-cacheinfo.h
+5 1
+2 1
fe=(16)
-9 1
fi=(19)
+23 2
840 1
+46 1
-46 17
+45 2
+25 2
+21 2
-21 2
+13 3
+8 1
-8 1
+8 1
cfi=(10) ./elf/./elf/dl-tunables.c
cfn=(24) __tunable_get_val
calls=1 405 
* 21
* 1
+2 2
+3 4
cfi=(10)
cfn=(24)
calls=1 405 
* 21
* 1
+2 1
+3 2
-3 2
+3 1
-3 1
+3 1
cfi=(10)
cfn=(24)
calls=1 405 
* 21
* 1
+1 5
+16 2
-12 5
cfi=(10)
cfn=(24)
calls=1 405 
* 21
* 1
+1 3
+23 1
-17 5
+3 3
-3 1
cfi=(10)
cfn=(24)
calls=1 405 
* 21
+3 3
-3 2
+3 9
cfi=(10)
cfn=(54) __GI___tunable_set_val
calls=1 157 
* 58
+1 9
cfi=(10)
cfn=(54)
calls=1 157 
* 58
+1 10
cfi=(10)
cfn=(54)
calls=1 157 
* 58
+3 8
cfi=(10)
cfn=(54)
calls=1 157 
* 58
+2 8
cfi=(10)
cfn=(54)
calls=1 157 
* 58
+4 1
fe=(16)
706 1
fi=(19)
967 2
fe=(16)
706 2
fi=(19)
967 4
fe=(16)
706 1
cfi=(10)
cfn=(24)
calls=1 405 
* 19
+4 3
+14 1
-1 2
+1 3
+47 1
-1 1
+1 1
+46 4
cfi=(10)
cfn=(24)
calls=1 405 
* 19
+2 4
cfi=(10)
cfn=(24)
calls=1 405 
* 19
fi=(21) ./elf/../sysdeps/unix/sysv/linux/x86/cpu-features.c
27 6
fe=(16)
829 2
+45 8
fi=(19)
+19 11
fe=(16)
775 3
+27 2
-10 2
+1 2
+2 3
+1 2
+2 3
+1 2
fi=(19)
-75 3
cfn=(46) handle_intel.constprop.0
calls=1 255 
* 437
+1 1
-1 2
+1 1
cfn=(46)
calls=1 255 
* 478
+1 1
-1 1
+1 1
cfn=(46)
calls=1 255 
* 503
+3 1
-3 2
+3 1
cfn=(46)
calls=1 255 
* 459
+2 1
-2 1
+2 1
cfn=(46)
calls=1 255 
* 451
+3 1
-2 1
-1 1
+3 1
cfn=(46)
calls=1 255 
* 428
+2 1
-2 1
+2 1
cfn=(46)
calls=1 255 
* 429
+3 1
-2 1
-1 1
+3 1
cfn=(46)
calls=1 255 
* 469
+2 1
-2 1
+2 1
cfn=(46)
calls=1 255 
* 470
+3 1
-3 1
+3 1
cfn=(46)
calls=1 255 
* 494
+2 1
-2 1
+2 1
cfn=(46)
calls=1 255 
* 495
+2 1
-2 1
+2 1
cfn=(46)
calls=1 255 
* 790
+2 3
-2 1
+2 1
cfn=(52) get_common_cache_info.constprop.0
calls=1 481 
* 215
863 15
fe=(16)
424 6
cfn=(36) get_common_indices.constprop.0
calls=1 -99 
* 71
303 3
+1 2
+1 6
+5 2
+1 6
+5 2
+1 6
429 1
cfn=(40)
calls=1 43 
* 194
+2 1
+2 1
+83 1
-85 2
564 2
+7 2
+2 1
+4 2
+6 2
422 2
-3 1
+14 3
+1 4
+69 1
+10 11
+42 1
+1 1
434 11
+55 3

fn=(36)
325 1
+4 4
+3 3
+5 2
-5 1
+5 1
-5 1
+4 1
+1 1
+1 4
+1 4
+1 3
+1 2
+7 2
+2 5
+5 1
-5 1
+5 1
-5 1
+5 1
-5 2
+5 1
+7 1
-7 4
+7 1
+1 3
+6 1
-6 4
+6 1
fi=(17) ./elf/../sysdeps/unix/sysv/linux/x86/dl-minsigstacksize.h
24 2
+3 2
+1 2
+37 3
+7 1
+2 1
fe=(16)
384 2

fl=(42) ./string/../sysdeps/x86_64/multiarch/../strchr.S
fn=(118) index
23 15
+1 15
+1 15
+1 15
+1 15
+1 15
+1 15
+1 15
+1 15
+1 15
+1 15
+1 15
+1 15
+1 15
+1 15
+1 15
+1 15
+1 15
+1 13
+4 13
+1 13
+1 13
+1 13
+2 13
+4 2
+1 2
+1 2
+1 2
+1 2
+1 2
+1 2
+1 2
+1 2
+1 2
+1 2
+1 2
+1 2
+1 2
+1 2
+1 2
+1 2
+1 2
+1 2
+1 2
+1 2
+1 2
+1 2
+1 2
+52 2
+4 2
+1 2
+1 2
+1 2
+2 2

fl=(14) ./elf/../sysdeps/unix/sysv/linux/brk.c
fn=(28) brk
35 1
+1 3
+1 2
+6 1
+1 1

fl=(52) ./elf/./elf/dl-error-skeleton.c
fn=(162) _dl_catch_error
225 10
+2 2
cob=(2)
cfi=(51)
cfn=(164) 0x0000000004002050
calls=1 0 
* 2759
+1 2
+1 1
+1 1
-1 1
+1 1
+2 5

fn=(250) _dl_receive_error
238 6
+1 1
+1 1
+3 1
+1 1
+2 1
cfi=(2) ./elf/./elf/rtld.c
cfn=(252) version_check_doit
calls=1 696 
* 5765
+2 1
+1 1
+1 4

fn=(166) _dl_catch_exception
175 9
+5 3
-5 9
+5 3
-2 6
+22 3
-1 3
+7 6
-6 3
+3 6
+3 3
cfi=(53) ./setjmp/../sysdeps/x86_64/setjmp.S
cfn=(168) __sigsetjmp
calls=3 30 
* 72
* 12
+2 9
cfi=(66) ./elf/./elf/dl-deps.c
cfn=(214) openaux
calls=2 61 
* 7152
cfi=(2)
cfn=(170) map_doit
calls=1 663 
* 2698
+2 3
-1 3
+1 3
-1 3
+1 6
+9 12

fl=(8) ./elf/./elf/dl-setup_hash.c
fn=(14) _dl_setup_hash
25 4
+3 4
-3 4
+3 8
+3 12
+1 8
+2 4
-1 4
+3 12
+1 4
+4 4
-3 4
+7 4
-4 4
-3 4
+2 8
+5 4
-5 4
-2 4
+7 4
-5 4
+10 4

fl=(135) ./elf/./dl-find_object.h
fn=(428) _dl_find_object_from_map
95 8
+1 8
+1 4
+6 20
+1 119
+1 82
+2 12
+5 4

fl=(38) ./elf/./elf/dl-hwcaps.c
fn=(108) _dl_important_hwcaps
175 5
+1 1
-1 6
+1 1
-1 1
+1 1
-1 1
+1 1
-1 1
+1 2
cfi=(10)
cfn=(24)
calls=1 405 
* 21
* 1
+2 2
+1 3
+26 2
-26 1
+25 1
cfi=(39) ./elf/../sysdeps/x86_64/dl-hwcaps-subdirs.c
cfn=(110) _dl_hwcaps_subdirs_active
calls=1 29 
* 47
fi=(40) ./elf/./dl-hwcaps.h
54 1
fe=(38)
205 1
-1 1
fi=(40)
56 1
+32 1
+1 1
+1 1
fe=(38)
-35 2
cfi=(41) ./elf/./elf/dl-hwcaps_split.c
cfn=(116) _dl_hwcaps_split_masked
calls=1 -4 
* 13
* 2
fi=(40)
-1 1
+2 2
-2 1
+34 2
+1 2
+1 1
fe=(38)
-32 2
-1 2
+1 2
+1 2
-1 2
-3 4
cfi=(41)
cfn=(116)
calls=2 -4 
* 114
* 2
cfi=(41)
cfn=(116)
calls=1 -4 
* 122
* 6
+48 5
fi=(28) ./elf/../include/rtld-malloc.h
-47 1
cfi=(27) ./elf/./elf/dl-minimal-malloc.c
cfn=(76) __minimal_malloc
calls=1 -21 
* 25
fe=(38)
+47 1
+2 2
+3 2
fi=(40)
-52 1
fe=(38)
+55 1
-3 1
fi=(40)
-54 2
+3 1
fe=(38)
+58 2
cfi=(41)
cfn=(122) _dl_hwcaps_split
calls=1 -90 
* 12
* 2
fi=(40)
-61 1
+2 2
-2 1
+34 2
+1 2
+1 1
fe=(38)
+40 4
+1 2
-1 6
+2 2
+1 2
-2 6
-3 4
cfi=(41)
cfn=(116)
calls=2 -77 
* 114
* 2
cfi=(41)
cfn=(116)
calls=1 -77 
* 122
* 6
+8 2
+9 1
-15 1
+15 2
-15 1
+15 8
+9 2
+4 7
cfi=(43) ./string/../sysdeps/x86_64/memcmp.S
cfn=(124) bcmp
calls=1 22 
* 41
+1 2
+1 1
+4 1
+1 2
+1 1
-20 2
+19 1
+1 1
-20 2
-1 4
+70 1
+1 1
+4 1
-5 2
+1 4
+4 2
-4 1
+4 4
+1 1
-1 1
+1 2
+1 2
-2 5
+1 1
-1 1
+1 2
+1 2
-2 5
+5 1
+3 2
-3 2
+3 15
+7 1
-7 2
+2 3
+1 4
+2 1
fi=(316) ./elf/../sysdeps/x86/dl-hwcap.h
57 1
fe=(38)
233 2
fi=(316)
57 1
fe=(38)
233 2
fi=(316)
57 1
fe=(38)
233 1
+1 1
cfi=(22) ./string/../sysdeps/x86_64/multiarch/strlen-vec.S
cfn=(60) strlen
calls=1 41 
* 17
+1 1
+1 1
-6 1
+4 1
+1 1
-5 1
+5 1
+1 1
-1 2
-5 4
+10 3
-2 3
+2 1
+1 1
+1 1
-1 1
+4 4
+1 1
-1 1
+4 2
+4 1
-1 1
+1 4
-1 2
+4 3
+1 3
+19 10
+6 2
fi=(28)
56 1
cfi=(27)
cfn=(76)
calls=1 -21 
* 25
* 1
fe=(38)
283 2
+8 1
fi=(40)
54 1
+2 1
+34 1
-2 2
fe=(38)
-5 1
291 1
fi=(40)
54 1
+35 1
fe=(38)
291 1
fi=(40)
90 1
fe=(38)
-10 2
cfi=(41)
cfn=(116)
calls=1 -29 
* 13
* 2
fi=(40)
-26 2
+2 1
fe=(38)
+27 1
fi=(40)
-29 1
+34 2
+1 2
+1 1
fe=(38)
-8 2
+1 4
+7 2
-7 10
cfi=(29)
cfn=(128)
calls=2 199 
* 26
+4 2
+2 2
+2 2
-2 4
-9 4
cfi=(41)
cfn=(116)
calls=2 -29 
* 114
* 2
cfi=(41)
cfn=(116)
calls=1 -29 
* 122
* 6
304 1
+2 1
-2 1
-48 2
+72 1
-72 1
376 2
+13 2
-58 1
+45 1
+13 1
-58 1
-75 1
+82 1
+10 2
-92 1
+88 1
+4 3
-4 1
+3 7
-3 2
-3 1
+3 1
cfi=(29)
cfn=(128)
calls=1 199 
* 18
* 2
-3 1
+3 1
cfi=(29)
cfn=(128)
calls=1 199 
* 18
* 2
+3 2
-3 4
+3 5
+1 12
+1 2
-2 1
+2 1
cfi=(29)
cfn=(128)
calls=1 199 
* 15
* 2
-2 2
+5 8
cfi=(29)
cfn=(128)
calls=2 199 
* 30
* 4
+2 5
+5 6
+1 1
-1 3
+1 7
-1 25
+5 11
+4 1
-1 1
+1 2
-4 12
+4 2
-1 2
+1 13
-1 9
+1 18
+1 24
-1 12
-1 12
+2 24
-1 24
-1 24
+4 9
+3 1
+2 2
-1 1
-1 1
+2 1
-2 1
+2 2
-1 1
+1 2
+2 6
+1 2
+3 2
-6 2
+6 3
+7 8
+1 1
-1 2
+3 2
-3 3
+1 3
-1 6
+3 6
+3 4
-80 2
+86 9
-20 1
+1 2
-6 3
259 2
+1 2
+1 4
-1 3
+12 4
-44 2
+34 4
-2 3

fl=(149) ./elf/./elf/dl-init.c
fn=(484) _dl_init
77 12
+1 1
+1 1
+3 3
+8 2
+25 1
+1 5
+1 2
-86 4
+86 6
-86 12
+2 20
cfn=(486) call_init.part.0
calls=3 -7 
* 190
+83 12
+7 8
-92 4
+2 6
cfn=(486)
calls=1 -7 
* 61
+52 2

fn=(486)
26 32
+13 4
-13 4
+16 4
-3 8
+3 8
+5 6
+8 9
+1 6
cob=(2)
cfi=(51)
cfn=(488) 0x000000000483f000
calls=1 -56 
* 26
+3 3
+1 6
+6 2
+2 2
-2 1
+3 7
+1 4
cob=(3)
cfi=(154)
cfn=(514)
calls=1 +13 
* 12
* 4
cob=(3)
cfi=(151)
cfn=(506)
calls=1 -24 
* 71
-1 6
+3 24
-29 2

fl=(9) ./elf/../elf/dl-sysdep.c
fn=(474) _dl_sysdep_start_cleanup
262 1
+1 1

fn=(16) _dl_sysdep_start
85 4
+25 1
-25 6
+25 1
-1 1
+1 114
+11 1
-8 1
+1 1
-4 1
+3 1
+6 1
+2 13
-34 1
-1 1
+36 119
+3 1
+1 1
-5 94
+57 1
-57 1
+58 1
-1 1
-57 3
+29 1
-29 1
+30 1
-1 1
-29 3
+41 1
-41 1
+42 1
-1 1
-41 3
+35 1
-35 1
+36 1
-1 1
-35 3
+32 1
-32 1
+33 1
-1 1
-32 3
+13 1
-13 1
+14 1
-1 1
-13 3
+10 1
-10 1
+11 1
-1 1
-10 3
+7 1
-7 4
224 1
cfi=(10)
cfn=(18) __GI___tunables_init
calls=1 +58 
* 17241
+3 1
cfi=(12) ./elf/./elf/dl-sort-maps.c
cfn=(22) _dl_sort_maps_init
calls=1 +54 
* 32
fi=(13) ./elf/../sysdeps/unix/sysv/linux/dl-sysdep.c
36 2
cfi=(14)
cfn=(28)
calls=1 -1 
* 8
fi=(6) ./elf/../sysdeps/x86_64/dl-machine.h
215 1
cfi=(15) ./elf/../sysdeps/x86/dl-get-cpu-features.c
cfn=(32) _dl_x86_init_cpu_features
calls=1 37 
* 7224
fe=(9)
+23 3
+1 1
cfi=(22)
cfn=(60)
calls=1 41 
* 17
* 1
+2 2
cfi=(23) ./elf/../misc/sbrk.c
cfn=(62) sbrk
calls=1 37 
* 15
* 3
+12 3
+3 5
cfi=(2)
cfn=(64) dl_main
calls=1 1320 
* 203874
+2 9

fl=(56) ./io/../sysdeps/unix/sysv/linux/read_nocancel.c
fn=(180) __read_nocancel
25 2
+1 8
+1 2

fl=(58) ./io/../sysdeps/unix/sysv/linux/fstat64.c
fn=(190) fstat
29 6
+1 6
+5 9
cfi=(59) ./io/../sysdeps/unix/sysv/linux/fstatat64.c
cfn=(192) fstatat
calls=3 153 
* 24

fl=(54) ./elf/./elf/dl-misc.c
fn=(174) _dl_name_match_p
68 84
+1 28
cfi=(32) ./string/../sysdeps/x86_64/strcmp.S
cfn=(90) strcmp
calls=14 +39 
* 650
* 28
+3 14
+2 28
+6 15
-6 30
+1 54
cfi=(32)
cfn=(90)
calls=18 +33 
* 906
* 36
+8 3
-13 3
+13 20
-1 11
+1 33

fn=(224) _dl_sysdep_read_whole_file
36 2
+3 1
-3 6
+3 1
-3 1
+3 1
cfi=(55) ./io/../sysdeps/unix/sysv/linux/open64_nocancel.c
cfn=(178) __open_nocancel
calls=1 -11 
* 19
+1 2
+23 7
-21 4
cfi=(58)
cfn=(190)
calls=1 -13 
* 15
* 2
+2 2
+3 2
+13 2
cfi=(64) ./io/../sysdeps/unix/sysv/linux/close_nocancel.c
cfn=(204) __GI___close_nocancel
calls=1 -35 
* 6
* 1
-11 6
cfi=(60) ./misc/../sysdeps/unix/sysv/linux/mmap64.c
cfn=(194) mmap
calls=1 -2 
* 9
* 2

fl=(298)
fn=(3654)
31 9
+20 3
-3 7
+3 4
+3 2
cob=(3)
cfi=(299)
cfn=(3656)
calls=1 +23 
* 43
+2 1
+3 2
+2 6
+7 2
-2 1
+2 1
cfi=(49) ./elf/./elf/dl-audit.c
cfn=(476) _dl_audit_activity_nsid
calls=1 -28 
* 21
+5 14
+5 1
-5 1
+5 3
+2 8
+2 8
+2 8
+1 4
+1 4
+4 4
-12 12
+14 6
+1 4
+6 5
cfi=(12)
cfn=(246) _dl_sort_maps
calls=1 290 
* 300
+9 2
cob=(3)
cfi=(300)
cfn=(3658)
calls=1 367 
* 34
+5 6
+2 1
+2 3
-2 3
+2 9
+3 8
+3 12
+24 6
cob=(2)
cfi=(51)
cfn=(3690) 0x000000000483f334
calls=1 0 
* 110
cob=(2)
cfi=(51)
cfn=(3660) 0x00000000001384d4
calls=1 0 
* 110
+6 8
cfi=(49)
cfn=(3688) _dl_audit_objclose
calls=4 -57 
* 20
+5 4
-45 12
+49 3
cfi=(49)
cfn=(476)
calls=1 40 
* 21
* 2
-38 12
+3 4
+41 6
+6 2
+7 8
73 2

fl=(12)
fn=(22)
281 2
+1 4
cfi=(10)
cfn=(24)
calls=1 405 
* 20
+2 3
-1 1
+2 2

fn=(248) dfs_traversal.part.0
140 64
+10 8
-2 8
+2 16
+2 20
+3 20
-3 40
+9 16
+15 24
+1 8
+1 48
-17 12

fn=(246)
290 20
+8 2
-8 2
+8 4
+4 16
-79 4
-37 2
+37 2
-36 8
+1 2
-1 2
+1 2
-1 4
+1 6
-1 6
+1 6
-1 12
+36 30
+8 6
-3 2
+2 2
+1 2
-8 2
+5 2
+3 8
+2 18
+2 8
-90 40
cfn=(248)
calls=8 -5 
* 284
+93 16
+18 4
+13 2
+33 2
-26 8
cfi=(29)
cfn=(80)
calls=2 -64 
* 22
* 2

fl=(22)
fn=(60)
41 16
+44 16
+1 16
+1 16
+1 16
+1 16
+1 16
+1 16
+2 16
+2 16
+31 16
+1 16
+1 16
+1 16
+1 16
+1 10
+2 10
+4 6
+1 6
+1 6
+1 6
+1 6
+1 6
+1 6
+1 6
+1 6
+1 6
+1 6
+1 6
+5 48

fl=(23)
fn=(62)
37 5
+3 1
+18 2
+4 2
+16 5

fl=(27)
fn=(144) __minimal_free
95 3
+2 12

fn=(76)
35 120
+1 24
+11 24
-11 48
+11 48
+3 24
-3 24
+3 136
+18 24
+1 24
+2 96
-16 8
+1 4
+2 2
+1 14
cfi=(60)
cfn=(194)
calls=2 -12 
* 18
* 2
+2 4
+2 4
+2 2
+4 2
-4 4
-23 1
-1 1
+1 1
+1 2
-2 2

fn=(72) __minimal_calloc
78 8
+4 8
-4 32
+7 8
+1 24
fi=(28)
-30 8
cfi=(27)
cfn=(76)
calls=8 -21 
* 235
fe=(27)

fl=(75) ./elf/./elf/dl-version.c
fn=(254) _dl_check_all_versions
361 6
+4 5
-2 2
+4 24
cfn=(256) _dl_check_map_versions
calls=4 155 
* 5682
-2 4
+2 12
-1 4
-1 8
+5 7

fn=(256)
155 32
+15 4
-15 8
+15 8
+2 20
+2 4
+1 4
-1 4
+1 4
+2 8
+3 4
-16 2
-8 2
+28 2
-4 2
+4 4
+16 2
36 4
200 2
36 10
+1 5
-1 10
+2 21
cfi=(54)
cfn=(174)
calls=7 +30 
* 978
* 14
208 6
+5 2
-71 4
+71 6
+8 2
-2 2
-2 4
+4 2
-4 12
+4 12
-2 12
-2 24
+4 12
-4 127
56 56
+8 42
+6 42
+16 14
+1 28
+2 14
+5 126
+14 398
+12 555
+4 185
-30 370
224 56
+3 42
+5 12
-11 12
110 14
+3 56
cfi=(32)
cfn=(90)
calls=14 -5 
* 542
* 58
236 8
+14 4
+3 8
+10 42
-7 168
+3 126
-3 8
+3 6
+8 6
+6 3
fi=(28)
44 3
fe=(75)
273 3
fi=(28)
44 3
cfi=(27)
cfn=(72)
calls=3 +34 
* 108
fe=(75)
272 3
fi=(28)
44 3
fe=(75)
274 6
+13 3
-3 3
+3 12
+2 9
+3 8
+4 6
+7 14
+1 14
-1 42
+1 14
+1 14
-2 14
+2 28
+1 42
+3 42
+5 12
-15 12
+2 12
-2 12
+2 12
-2 12
+2 24
-2 2
+2 2
-2 2
+2 2
-2 2
+2 4
+16 6
+39 36
-29 9
+3 8
+4 42
+6 42
+1 42
+1 42
-1 126
+1 42
-1 42
+1 42
+1 42
+3 126
+4 42
-14 88
+10 6
164 2
+86 2
-94 2
+94 3

fl=(78) ./elf/./elf/dl-reloc.c
fn=(272) _dl_relocate_object
194 8
+14 4
-14 36
+16 4
-16 8
+14 4
+2 8
+3 4
-1 4
+1 8
+19 8
+6 20
-34 6
+38 6
+7 12
fi=(6)
71 10
+6 4
+4 3
+14 1
-8 1
+8 2
+20 2
+4 5
-2 2
fe=(78)
288 160
-83 1
fi=(6)
474 4
fe=(78)
205 2
+83 2
fi=(5) ./elf/./elf/do-rel.h
49 1
fe=(78)
288 1
fi=(5)
60 1
-11 2
+11 2
fe=(78)
288 3
-83 3
fi=(6)
474 12
fe=(78)
205 6
+83 6
fi=(5)
49 3
fe=(78)
288 3
fi=(5)
60 3
-11 6
+11 6
fe=(78)
288 8
fi=(5)
49 4
fe=(78)
288 4
fi=(5)
60 4
-11 8
+11 8
-7 1
-1 1
+11 8
fi=(6)
545 28
+4 28
+3 42
+1 14
fi=(5)
63 42
+2 216
+2 120
-4 120
+13 6
+1 8
+1 80
fi=(6)
545 40
+34 80
+2 40
cob=(3)
cfi=(128)
cfn=(408)
calls=1 31 
* 23
cob=(3)
cfi=(127)
cfn=(406)
calls=1 31 
* 7
cob=(3)
cfi=(126)
cfn=(402)
calls=1 33 
* 22
cob=(3)
cfi=(125)
cfn=(400)
calls=1 29 
* 7
cob=(3)
cfi=(123)
cfn=(396)
calls=1 29 
* 23
cob=(3)
cfi=(122)
cfn=(392)
calls=1 33 
* 17
cob=(3)
cfi=(120)
cfn=(388)
calls=1 29 
* 22
cob=(3)
cfi=(119)
cfn=(384)
calls=1 29 
* 17
cob=(3)
cfi=(118)
cfn=(380)
calls=1 29 
* 21
cob=(3)
cfi=(117)
cfn=(378)
calls=1 31 
* 7
cob=(3)
cfi=(116)
cfn=(374)
calls=1 29 
* 17
cob=(3)
cfi=(115)
cfn=(370)
calls=1 31 
* 21
cob=(3)
cfi=(114)
cfn=(366)
calls=1 29 
* 21
cob=(3)
cfi=(112)
cfn=(362)
calls=2 31 
* 38
cob=(3)
cfi=(110)
cfn=(358)
calls=1 29 
* 22
cob=(3)
cfi=(109)
cfn=(356)
calls=1 31 
* 7
cob=(3)
cfi=(108)
cfn=(352)
calls=1 29 
* 17
cob=(3)
cfi=(107)
cfn=(350)
calls=1 43 
* 7
cob=(3)
cfi=(106)
cfn=(348)
calls=1 29 
* 7
cob=(3)
cfi=(105)
cfn=(346)
calls=1 31 
* 7
cob=(3)
cfi=(104)
cfn=(344)
calls=1 66 
* 17
cob=(3)
cfi=(102)
cfn=(340)
calls=2 31 
* 46
cob=(3)
cfi=(100)
cfn=(336)
calls=1 31 
* 17
cob=(3)
cfi=(99)
cfn=(332)
calls=1 30 
* 21
cob=(3)
cfi=(98)
cfn=(328)
calls=2 29 
* 44
cob=(3)
cfi=(97)
cfn=(324)
calls=1 28 
* 21
cob=(3)
cfi=(96)
cfn=(322)
calls=1 61 
* 19
cob=(3)
cfi=(94)
cfn=(318)
calls=2 31 
* 42
cob=(3)
cfi=(92)
cfn=(314)
calls=1 29 
* 22
cob=(3)
cfi=(91)
cfn=(310)
calls=1 29 
* 19
cob=(3)
cfi=(89)
cfn=(306)
calls=1 29 
* 24
cob=(3)
cfi=(87)
cfn=(302)
calls=1 29 
* 19
cob=(3)
cfi=(86)
cfn=(300)
calls=1 65 
* 17
cob=(3)
cfi=(85)
cfn=(298)
calls=1 29 
* 7
cob=(3)
cfi=(83)
cfn=(294)
calls=2 31 
* 42
-36 40
+37 40
fi=(5)
77 121
fe=(78)
288 32
+3 24
+24 4
+3 8
+17 12
+2 32
-98 8
+3 2
+7 4
-9 2
fi=(5)
86 14
+2 14
+12 7
-14 28
+14 14
+10 10
+3 13
+1 3
fi=(6)
529 3
fi=(5)
114 3
fi=(6)
529 6
fi=(5)
114 1702
fi=(6)
529 1702
fi=(5)
114 1702
fi=(6)
529 3404
+5 3410
+1 1705
fi=(5)
113 1705
fi=(6)
535 1705
-5 1705
fi=(5)
113 3410
+7 28
+4 20
+2 10
-73 3
fi=(6)
484 3
fi=(5)
52 3
fi=(6)
484 6
fi=(5)
128 6
+1 3
+1 3
-2 3
+2 3
+3 3
-5 3
+2 3
-2 3
+1 6
+2 3
-2 3
+2 9
+2 6
-5 460
+1 230
+1 230
-2 230
+2 230
+3 230
-5 230
+2 230
-2 230
+1 460
+2 230
-2 230
+2 690
+2 460
+9 231
fi=(6)
262 462
+21 462
+4 462
+7 924
fi=(4) ./elf/../sysdeps/generic/ldsodefs.h
138 645
fi=(6)
294 8560
cfi=(79) ./elf/./elf/dl-lookup.c
cfn=(280) _dl_lookup_symbol_x
calls=212 840 
* 120742
* 1908
+2 645
+30 1350
450 642
fi=(5)
145 676
-19 699
+32 15
+1 6
fi=(6)
294 2
+22 2
-22 4
fi=(5)
160 6
+3 2
+4 2
-4 2
+4 4
-2 2
-2 2
+2 2
+1 2
-1 4
fi=(6)
294 8
508 2
-1 4
+1 4
+1 2
cfi=(15)
cfn=(446) __x86_cpu_features
calls=1 71 
* 6
cob=(3)
cfi=(81)
cfn=(290)
calls=1 86 
* 28
+1 2
fi=(5)
159 2
fi=(6)
510 2
fi=(5)
159 8
-13 384
fi=(6)
422 51
+4 68
+5 17
+9 17
-9 34
+9 17
fi=(5)
145 66
fi=(6)
296 276
+3 228
-3 228
+3 456
+2 90
+3 36
+1 54
+11 36
+7 18
cob=(3)
cfi=(133)
cfn=(422)
calls=1 44 
* 7
cob=(3)
cfi=(108)
cfn=(352)
calls=1 29 
* 17
cob=(3)
cfi=(114)
cfn=(366)
calls=1 29 
* 21
cob=(3)
cfi=(98)
cfn=(328)
calls=1 29 
* 22
cob=(3)
cfi=(85)
cfn=(298)
calls=1 29 
* 7
cob=(3)
cfi=(132)
cfn=(420)
calls=1 38 
* 7
cob=(3)
cfi=(92)
cfn=(314)
calls=1 29 
* 22
cob=(3)
cfi=(130)
cfn=(416)
calls=1 29 
* 22
cob=(3)
cfi=(86)
cfn=(300)
calls=1 65 
* 17
cob=(3)
cfi=(110)
cfn=(358)
calls=1 29 
* 22
cob=(3)
cfi=(89)
cfn=(306)
calls=1 29 
* 24
cob=(3)
cfi=(129)
cfn=(414)
calls=1 42 
* 7
cob=(3)
cfi=(97)
cfn=(324)
calls=1 28 
* 21
cob=(3)
cfi=(96)
cfn=(322)
calls=1 61 
* 19
cob=(3)
cfi=(118)
cfn=(380)
calls=1 29 
* 21
cob=(3)
cfi=(122)
cfn=(392)
calls=1 33 
* 17
cob=(3)
cfi=(116)
cfn=(374)
calls=1 29 
* 17
cob=(3)
cfi=(104)
cfn=(344)
calls=1 66 
* 17
* 54
+3 36
fi=(5)
135 10
+3 2
fi=(6)
296 212
+3 212
-3 440
+3 4
fi=(5)
50 8
fe=(78)
308 14
fi=(6)
-14 29
fe=(78)
+49 20
+3 4
-3 4
+3 4
+4 8
+1 16
cfi=(72) ./misc/../sysdeps/unix/syscall-template.S
cfn=(236) mprotect
calls=4 117 
* 24
* 8
-63 6
fi=(5)
53 2
175 7
+2 2
+1 2
-1 1
+3 1
-3 4
+3 2
-3 10
+1 10
-1 5
+3 5
-3 20
+3 10
+8 6
fi=(6)
+74 12
+21 12
+4 12
+7 24
fi=(4)
138 18
fi=(6)
294 204
cfi=(79)
cfn=(280)
calls=6 840 
* 3312
* 54
+2 18
+30 36
450 12
fi=(5)
191 18
-16 18
+30 4
fi=(6)
+91 2
+3 2
-3 2
+3 4
-3 2
+3 2
-3 4
fe=(78)

fl=(15)
fn=(32)
37 1
+2 3
+2 1
cfi=(16)
cfn=(34)
calls=1 399 
* 7219

fn=(446)
71 1
-32 3
+32 2

fl=(45) ./string/./string/strdup.c
fn=(140) strdup
40 15
+1 3
cfi=(22)
cfn=(60)
calls=3 * 
* 87
* 3
fi=(317) ./string/../include/rtld-malloc.h
+15 6
cfi=(27)
cfn=(76)
calls=3 -21 
* 75
fe=(45)
-12 6
+4 3
-1 9
+1 6
-1 3
cfi=(29)
cfn=(80)
calls=3 212 
* 41

fl=(26) ./elf/./elf/dl-object.c
fn=(82) _dl_add_to_namespace_list
31 6
+2 3
-2 6
+2 3
-2 6
+2 3
cfi=(24) ./elf/../sysdeps/nptl/dl-tls_init_tp.c
cfn=(84) rtld_mutex_dummy
calls=3 +9 
* 9
+2 23
+3 20
+2 2
+2 2
+4 2
+4 2
-4 4
+1 2
+4 2
-4 2
+1 2
+3 2
-3 2
+3 2
-1 2
cfi=(24)
cfn=(84)
calls=2 -8 
* 6
-4 1
+4 1
-4 2
+1 1
+4 1
-4 1
+1 1
+3 1
-3 1
+3 1
-1 1
cfi=(24)
cfn=(84)
calls=1 -8 
* 3
-5 2

fn=(70) _dl_new_object
59 42
+3 6
+18 2
+3 2
-3 2
+3 2
cfi=(22)
cfn=(60)
calls=2 -42 
* 52
+4 4
-4 4
+9 4
fi=(28)
-48 6
cfi=(27)
cfn=(72)
calls=2 +34 
* 100
fe=(26)
+48 1
fi=(28)
-48 3
cfi=(27)
cfn=(72)
calls=1 +34 
* 43
* 3
fe=(26)
+51 6
+5 3
-2 3
+6 3
-4 3
+4 3
-5 3
+4 3
+1 3
-1 3
+1 6
cfi=(29)
cfn=(80)
calls=3 212 
* 44
* 6
+2 3
+13 6
+6 1
+2 7
+3 2
-3 14
+3 4
+9 3
-7 3
+4 3
+3 15
+2 1
-2 3
+2 15
-2 45
+16 6
-5 3
+5 3
-6 3
+6 3
-6 3
+6 6
+2 4
+3 4
-3 4
+7 8
+4 4
+8 2
+3 2
+10 3
-10 4
+10 6
+2 2
+21 2
-21 2
cfi=(22)
cfn=(60)
calls=2 41 
* 70
* 6
+17 2
-13 6
+50 6
cfi=(29)
cfn=(128)
calls=2 -46 
* 34
* 2
+5 4
+1 4
-1 80
+1 80
+2 4
+3 2
+3 2
+4 27
131 8
-12 4
+34 1
+7 4
+8 8
fi=(28)
56 4
cfi=(27)
cfn=(76)
calls=2 -21 
* 50
* 2
fe=(26)
200 8
64 2
+2 3
+1 2
+10 5
-6 2

fl=(67) ./io/../sysdeps/unix/sysv/linux/stat64.c
fn=(220) stat
28 20
+1 40
cfi=(59)
cfn=(192)
calls=10 153 
* 98

fl=(10)
fn=(54)
157 15
-55 5
+55 5
-55 5
+55 5
-55 35
+9 5
+1 5
fi=(318) ./elf/./dl-tunable-types.h
-22 10
fe=(10)
+22 20
+1 40
fi=(11) ./elf/./elf/dl-tunables.h
+8 10
+1 5
fe=(10)
-6 15
fi=(11)
+15 5
fe=(10)
-12 10
+4 10
+7 10
+1 10
+3 30
+1 5
+1 5
+1 5
+24 5
fi=(11)
-30 15
fe=(10)

fn=(24)
405 33
+3 231
+9 33
-9 126
+9 10
+17 165
+2 33
-9 23
+1 23

fn=(18)
282 9
-9 7
71 110
+6 35
-3 35
+3 2492
-3 35
-3 70
357 8
81 70
+5 105
fi=(11)
+54 35
fe=(10)
-54 35
fi=(11)
+54 35
+1 90
-1 70
+1 20
-1 35
+1 70
fe=(10)
323 140
-18 4900
+6 7700
fi=(11)
140 315
+1 630
-1 19
+1 76
-1 95
fe=(10)

fl=(60)
fn=(194)
47 24
+3 24
+8 48
+2 12

fl=(49)
fn=(206) _dl_audit_objopen
76 2
+1 8

fn=(476)
40 6
+4 3
-4 3
+4 3
-4 3
+4 3
-4 6
+4 3
+1 3
+1 12
+4 18

fn=(548) _dl_audit_preinit
117 1
+1 4

fn=(154) _dl_audit_activity_map
28 6
+2 1
-1 1
+1 2
+6 6

fn=(3688)
96 4
+1 16

fl=(24)
fn=(66) __tls_pre_init_tp
53 3
+3 8
+5 1
-5 1
+5 1
+1 1
-6 1
+8 1

fn=(266) __tls_init_tp
68 2
fi=(319) ./elf/../include/list.h
-24 1
fe=(24)
+24 1
fi=(319)
-25 1
fe=(24)
+26 1
+3 1
fi=(319)
-29 1
+1 1
+1 1
+2 1
fe=(24)
+28 4
+1 2
+1 1
+5 2
+5 1
+6 1
-3 1
+3 1
-6 3
+6 1
+13 3
fi=(76) ./elf/../sysdeps/unix/sysv/linux/rseq-internal.h
-72 1
fe=(24)
+72 1
cfi=(10)
cfn=(24)
calls=1 405 
* 20
fi=(76)
-74 3
+2 6
+3 2
+3 1
fe=(24)
+83 3
+7 2
+2 1
+1 1
+1 3

fn=(84)
42 8
+2 16

fl=(68) ./elf/./elf/dl-cache.c
fn=(230) _dl_cache_libcmp
370 11
+1 11
+32 11
-33 22
+1 30
+2 67
+2 67
-2 134
+20 126
+2 126
-12 56
+2 56
+14 56
+1 56
-29 112
+32 12
-28 8
+8 4
-2 8
+1 8
-1 4
+2 12
+2 4
-3 4
+3 12
+2 8
+9 21

fn=(222) _dl_load_cache_lookup
416 10
+2 2
+3 3
+74 1
208 1
495 2
+3 3
fi=(70) ./elf/../sysdeps/x86/dl-procinfo.h
39 2
+3 3
cfi=(32)
cfn=(90)
calls=1 +66 
* 25
* 4
fe=(68)
212 6
cfi=(10)
cfn=(24)
calls=1 405 
* 21
* 1
+16 2
-16 1
+6 2
+10 1
-7 5
+9 3
+1 1
-37 2
+37 1
+4 2
-5 18
+1 6
-37 12
+37 6
+4 12
+4 21
cfn=(230)
calls=7 370 
* 534
+1 14
359 6
+3 4
228 4
360 4
228 11
+2 5
+20 8
+3 8
+2 16
cfn=(230)
calls=4 370 
* 512
* 8
+2 3
-9 8
-30 2
+1 1
+95 1
-95 1
-1 8
+96 3
+41 4
-88 4
+10 4
+1 3
fi=(69) ./elf/../sysdeps/generic/dl-cache.h
125 5
fe=(68)
294 2
+9 2
+3 2
+2 3
+1 2
+5 2
+1 4
+7 2
+21 4
513 2
+12 2
cfi=(22)
cfn=(60)
calls=1 41 
* 35
* 12
+1 1
-1 1
+1 1
-1 1
+1 1
cfi=(29)
cfn=(80)
calls=1 212 
* 11
* 1
+1 1
cfi=(45)
cfn=(140)
calls=1 40 
* 89
+1 8
-3 2
424 4
cfi=(54)
cfn=(224)
calls=1 36 
* 91
* 1
+8 5
+1 8
+3 4
+1 1
-1 3
fi=(69)
194 1
+1 5
fe=(68)
444 1
+1 2

fn=(478) _dl_unload_cache
537 1
+1 4
-1 1
+3 2
cfi=(72)
cfn=(480) munmap
calls=1 117 
* 6
+1 1
+4 1
+2 2

fl=(72)
fn=(236)
117 25
+5 5

fn=(480)
117 5
+5 1

fl=(64)
fn=(204)
25 3
+1 12
+1 3

fl=(73) ./malloc/./malloc/scratch_buffer_set_array_size.c
fn=(240) __libc_scratch_buffer_set_array_size
30 20
+4 2
+1 4
+11 2
-1 4
+18 8

fl=(36) ./posix/../sysdeps/unix/syscall-template.S
fn=(102) uname
120 5
+2 1

fl=(43)
fn=(124)
22 1
+5 1
+1 1
+1 1
+1 1
+1 1
+1 1
+1 1
+1 1
+3 1
+1 1
+1 1
+1 1
+1 1
+1 1
+1 1
+1 1
+1 1
+2 1
+1 1
+17 1
+1 1
+17 1
+1 1
+1 1
+1 1
+1 1
+4 1
+47 1
+1 1
+1 1
+1 1
+1 1
+1 1
+1 1
+1 1
+1 1
+1 1
+1 1
+1 1
+1 1

fl=(53)
fn=(168)
30 3
+2 3
+9 3
+1 6
+1 3
+4 3
+1 3
+1 3
+1 3
+1 3
+2 6
+2 3
+1 3
+1 3
+2 6
+2 3
+8 3
+3 3
+1 3
+7 3
+1 3

fl=(138) ./elf/../sysdeps/nptl/dl-mutex.c
fn=(442) __rtld_mutex_init
30 2
+10 3
-10 1
+10 2
-10 1
+7 1
+3 2
cfi=(139) ./elf/./elf/dl-lookup-direct.c
cfn=(444) _dl_lookup_direct
calls=1 +34 
* 175
+4 2
+1 8
+2 3
-2 1
+2 3
cfi=(139)
cfn=(444)
calls=1 +27 
* 198
+4 2
+1 6
+1 2
-1 1
+1 2

fl=(7) ./elf/./elf/dl-minimal.c
fn=(438) lookup_malloc_symbol
61 8
+3 4
-3 16
+3 4
-3 4
+3 8
-1 4
+1 12
cfi=(79)
cfn=(280)
calls=4 840 
* 2230
+4 28
+1 28
+2 4
fi=(137) ./elf/./dl-sym-post.h
-30 8
+12 12
fe=(7)
+19 20

fn=(136) strsep
239 2
+3 4
+2 2
+1 4
+4 33
+7 84
-2 56
+13 1
+4 4
-22 14
+15 14
-15 30

fn=(434) __rtld_malloc_init_real
76 2
+10 1
fi=(136) ./elf/../sysdeps/generic/dl-hash.h
-41 1
fe=(7)
+31 1
fi=(136)
-32 1
fe=(7)
+32 5
+11 1
-1 1
fi=(136)
-43 1
+5 3
+14 4
-17 3
+3 15
+14 20
-17 15
fe=(7)
+46 2
fi=(136)
-24 1
fe=(7)
+22 1
+2 2
fi=(136)
-19 1
fe=(7)
+19 1
cfn=(438)
calls=1 -30 
* 575
+1 3
-1 1
+1 1
cfn=(438)
calls=1 -31 
* 664
+1 3
-1 1
+1 1
cfn=(438)
calls=1 -32 
* 561
+1 3
-1 1
+1 1
cfn=(438)
calls=1 -33 
* 590
+5 1
+1 1
+1 1
+1 1
+1 7

fn=(12) __rtld_malloc_init_stubs
42 1
+1 2
+1 2
+1 2
+1 2
+1 1

fl=(32)
fn=(90)
108 431
+33 431
+1 431
+2 431
+1 431
+21 431
+1 431
+1 372
+1 372
+1 312
+1 312
+1 312
+1 312
+21 312
+1 312
+1 312
+1 312
+1 312
+1 312
+1 312
+5 8
+1 24
+9 8
+1 8
+1 8
+1 8
+1 8
+1 8
+1 8
+1 8
-7 119
+1 119
+1 119
+1 119
+1 119
+1 119
+1 119
+1 119
+1 117
+1 72
+1 72
+1 72
+2 72
+1 72
+1 72
+1 72
+1 72
+1 72
-5 45
+1 45
+1 45
+1 45
+1 45
+1 45
+10 10
+1 10
+1 10
+2 10
+6 10
+1 10
+1 10
+1 10
+1 10
+5 10
+2 4
+1 4
+1 8
+8 4
+1 4
+3 4
+1 4
+1 4
+1 4
+1 4
+1 4
444 1
+1 1
+1 1
+1 1
+1 1
+2 1
+1 1
+1 1
+1 1
+1 1
+1 1
+1 1
+1 1
+3 1
+1 1
+1 1
+6 1
+1 1
+1 2
+4 1
+1 1
+3 1
+1 1
+1 1
+3 1
+1 1
+1 1
+6 1
+1 1
+1 1
+1 1
+1 1
+1 1
+72 4
+1 4
+1 4
+1 4
+1 4
+2 4
+1 4
+1 4
+1 4
+1 4
+1 4
+1 4
+1 4
+4 4
+1 4
+1 4
+6 4
+1 4
+1 8
+4 4
+1 4
+3 4
+1 4
+1 4
+3 4
+1 4
+1 4
+6 4
+1 4
+1 4
+1 4
+1 4
+1 4
+72 2
+1 2
+1 2
+1 2
+1 2
+2 2
+1 2
+1 2
+1 2
+1 2
+1 2
+1 2
+1 2
+4 2
+1 2
+1 2
+6 2
+1 2
+1 4
+4 2
+1 2
+3 2
+1 2
+1 2
+3 2
+1 2
+1 2
+6 2
+1 2
+1 2
+1 2
+1 2
+1 2
+72 5
+1 5
+1 5
+1 5
+1 5
+2 5
+1 5
+1 5
+1 5
+1 5
+1 5
+1 5
+1 5
+4 5
+1 5
+1 5
+6 5
+1 5
+1 10
+4 5
+1 5
+3 5
+1 5
+1 5
+3 5
+1 5
+1 5
+6 5
+1 5
+1 5
+1 5
+1 5
+1 5
+72 10
+1 10
+1 10
+1 10
+1 10
+2 10
+1 10
+1 10
+1 10
+1 10
+1 10
+1 10
+1 7
+4 7
+1 7
+1 7
+6 7
+1 7
+1 14
+4 7
+1 7
+3 7
+1 7
+1 7
+3 7
+1 7
+1 7
+6 7
+1 7
+1 7
+1 7
+1 7
+1 7
+72 10
+1 10
+1 10
+1 10
+1 10
+2 10
+1 10
+1 10
+1 10
+1 10
+1 10
+1 10
+1 4
+4 4
+1 4
+1 4
+6 4
+1 4
+1 8
+4 4
+1 4
+3 4
+1 4
+1 4
+3 4
+1 4
+1 4
+6 4
+1 4
+1 4
+1 4
+1 4
+1 4
+7 2
+1 2
+2 2
+1 2
+2 2
+1 2
+1 2
+3 2
+1 2
+1 2
+6 2
+1 2
+1 2
+1 2
+1 2
+1 2
+41 4
+1 4
+1 4
+1 4
+1 4
+2 4
+1 4
+1 4
+1 4
+1 4
+1 4
+1 4
+1 2
+4 2
+1 2
+1 2
+6 2
+1 2
+1 4
+4 2
+1 2
+3 2
+1 2
+1 2
+3 2
+1 2
+1 2
+6 2
+1 2
+1 2
+1 2
+1 2
+1 2
+72 8
+1 8
+1 8
+1 8
+1 8
+2 8
+1 8
+1 8
+1 8
+1 8
+1 8
+1 8
+1 6
+4 6
+1 6
+1 6
+6 6
+1 6
+1 12
+4 6
+1 6
+3 6
+1 6
+1 6
+3 6
+1 6
+1 6
+6 6
+1 6
+1 6
+1 6
+1 6
+1 6
+72 9
+1 9
+1 9
+1 9
+1 9
+2 9
+1 9
+1 9
+1 9
+1 9
+1 9
+1 9
+1 7
+4 7
+1 7
+1 7
+6 7
+1 7
+1 14
+4 7
+1 7
+3 7
+1 7
+1 7
+3 7
+1 7
+1 7
+6 7
+1 7
+1 7
+1 7
+1 7
+1 7
+72 3
+1 3
+1 3
+1 3
+1 3
+2 3
+1 3
+1 3
+1 3
+1 3
+1 3
+1 3
+1 3
+4 3
+1 3
+1 3
+6 3
+1 3
+1 6
+4 3
+1 3
+3 3
+1 3
+1 3
+3 3
+1 3
+1 3
+6 3
+1 3
+1 3
+1 3
+1 3
+1 3
+72 9
+1 9
+1 9
+1 9
+1 9
+2 9
+1 9
+1 9
+1 9
+1 9
+1 9
+1 9
+1 7
+4 7
+1 7
+1 7
+6 7
+1 7
+1 14
+4 7
+1 7
+3 7
+1 7
+1 7
+3 7
+1 7
+1 7
+6 7
+1 7
+1 7
+1 7
+1 7
+1 7
+7 1
+1 1
+2 1
+1 1
+2 1
+1 1
+1 1
+3 1
+1 1
+1 1
+6 1
+1 1
+1 1
+1 1
+1 1
+1 1
+41 12
+1 12
+1 12
+1 12
+1 12
+2 12
+1 12
+1 12
+1 12
+1 12
+1 12
+1 12
+1 9
+4 9
+1 9
+1 9
+6 9
+1 9
+1 18
+4 9
+1 9
+3 9
+1 9
+1 9
+3 9
+1 9
+1 9
+6 9
+1 9
+1 9
+1 9
+1 9
+1 9
+72 15
+1 15
+1 15
+1 15
+1 15
+2 15
+1 15
+1 15
+1 15
+1 15
+1 15
+1 15
+1 3
+4 3
+1 3
+1 3
+6 3
+1 3
+1 6
+4 3
+1 3
+3 3
+1 3
+1 3
+3 3
+1 3
+1 3
+6 3
+1 3
+1 3
+1 3
+1 3
+1 3
+72 25
+1 25
+1 25
+1 25
+1 25
+2 25
+1 25
+1 25
+1 25
+1 25
+1 25
+1 25
+2 10
+4 10
+1 10
+1 10
+6 10
+1 10
+2 20
+4 10
+1 10
+3 10
+1 10
+1 10
+3 10
+1 10
+1 10
+6 10
+1 10
+1 10
+1 10
+1 10
+1 10
+7 1
+1 1
+2 1
+1 1
+2 1
+1 1
+1 1
+3 1
+1 1
+1 1
+6 1
+1 1
+1 1
+1 1
+1 1
+1 1
+43 74
+2 74
+1 74
+1 74
+1 74
-3 53
+1 53
+1 53
+1 53
+1 144
+5 72
+6 72
+1 72
+8 72
+1 72
-16 359
+6 359
+1 359
+8 359
+1 359

fl=(1) ???
fn=(0) 0x0000000000020290
0 2
cfi=(2)
cfn=(2) _dl_start
calls=1 527 
0 230953
0 14
cfi=(149)
cfn=(484)
calls=1 77 
0 352
0 3
cob=(5)
cfi=(155)
cfn=(518) (below main)
calls=1 0 
0 6033484

fl=(147) ./elf/./elf/dl-runtime.c
fn=(468) _dl_fixup
46 24
+2 15
+1 3
+6 3
fi=(320) ./elf/../sysdeps/x86_64/dl-runtime.h
-27 3
fe=(147)
+21 3
+5 3
+1 3
-6 3
+6 6
+1 3
+2 3
-2 3
+2 3
-2 15
+7 6
+4 6
+4 9
+4 9
+1 12
-7 12
+16 3
-1 3
+1 6
+10 30
cfi=(79)
cfn=(280)
calls=3 840 
* 1886
* 3
+4 15
+10 30
+15 12
+9 9
+26 9
fi=(6)
+70 3
fe=(147)
-66 18

fl=(47) ./elf/../elf/dl-tls.c
fn=(260) _dl_tls_static_surplus_init
97 2
+4 1
-4 2
+4 1
-4 2
+4 3
cfi=(10)
cfn=(24)
calls=1 405 
* 21
* 1
+1 4
cfi=(10)
cfn=(24)
calls=1 405 
* 21
* 1
+8 1
-8 1
+6 2
+2 3
+3 1
+2 1
-32 3
+34 3
+1 5

fn=(424) _dl_allocate_tls_init
528 10
+1 2
+4 1
+6 1
-6 1
+6 1
cfi=(24)
cfn=(84)
calls=1 42 
* 3
+3 3
+12 1
-18 1
-1 1
+43 3
-19 13
+9 3
+1 2
+6 3
+1 1
+2 2
-2 1
+6 1
-4 2
+4 1
-4 2
+3 2
+4 2
+1 4
+2 2
+1 2
+17 1
-8 1
+8 1
+2 3
cfi=(29)
cfn=(128)
calls=1 199 
* 13
* 5
cfi=(44) ./string/../sysdeps/x86_64/multiarch/memset-vec-unaligned-erms.S
cfn=(132) memset
calls=1 125 
* 25
-49 1
+55 1
-55 4
+6 4
+55 2
cfi=(24)
cfn=(84)
calls=1 42 
* 3
+3 2
+3 9

fn=(264) _dl_allocate_tls_storage
422 2
+13 1
-13 2
+2 1
+12 1
fi=(28)
56 1
cfi=(27)
cfn=(76)
calls=1 -21 
* 53
fe=(47)
437 3
+8 2
fi=(28)
44 1
fe=(47)
445 2
+1 1
+4 321
+19 1
-99 1
+4 1
+1 1
fi=(28)
44 1
cfi=(27)
cfn=(72)
calls=1 +34 
* 36
fe=(47)
376 2
+3 1
+6 2
+90 5

fn=(412) _dl_add_to_slotinfo
1015 8
+6 1
+3 1
+1 1
+4 3
+34 2
+3 3
+1 3
+3 6

fn=(148) _dl_count_modids
197 1
+2 2
+1 1
+15 2

fn=(238) _dl_assign_tls_modid
131 2
+3 1
+13 1
-13 1
+52 1
+2 1
+3 1
+1 2

fn=(262) _dl_determine_tlsoffset
221 8
+6 3
+3 2
+36 3
+2 1
-2 1
-2 1
-40 1
-1 1
-1 1
+46 2
+23 3
+3 1
-3 4
+2 2
-2 1
-25 1
+20 1
-20 5
+2 2
+3 1
-1 1
+5 2
-5 1
+1 1
-1 1
+3 2
+2 3
+32 3
-1 1
+1 4
+2 2
-2 2
+53 8

fl=(31) ./elf/./elf/dl-load.c
fn=(106) _dl_init_paths
706 11
+14 1
-14 2
+14 2
cfi=(38)
cfn=(108)
calls=1 175 
* 1847
fi=(28)
56 1
fe=(31)
720 1
fi=(28)
56 1
cfi=(27)
cfn=(76)
calls=1 -21 
* 25
fe=(31)
725 1
+2 2
+7 2
+1 2
-1 3
+5 3
fi=(28)
56 1
cfi=(27)
cfn=(76)
calls=1 -21 
* 25
fe=(31)
739 1
+2 4
+17 1
-10 1
+19 1
-11 1
-9 1
+9 1
+12 2
-10 1
+3 2
+9 1
-7 1
+4 1
+3 2
-3 1
-8 1
+3 1
+8 1
-3 1
+1 16
cfi=(44)
cfn=(132)
calls=4 125 
* 72
+2 18
-14 3
+10 3
+4 3
-12 3
-2 3
+2 3
+4 3
-3 3
+3 3
+1 3
-2 3
+5 6
+1 3
-4 3
+4 3
+15 1
+3 1
-15 1
+7 1
-1 1
+9 2
+2 4
+2 3
+36 5
+2 2
cfi=(22)
cfn=(60)
calls=1 41 
* 17
* 9
-19 1
-2 1
+2 2
+19 9
cfi=(29)
cfn=(80)
calls=1 212 
* 11
* 1
+5 4
-1 2
+2 1
+1 2
-2 4
+1 13
+1 26
-2 52
+5 1
fi=(28)
56 1
cfi=(27)
cfn=(76)
calls=1 -21 
* 25
fe=(31)
836 1
fi=(28)
56 1
fe=(31)
838 2
+6 6
cfn=(134) fillin_rpath.isra.0
calls=1 468 
* 587
+3 3
+6 1
+4 8
-35 2
+5 2

fn=(138) expand_dynamic_string_token
385 14
241 2
385 2
241 2
385 2
241 2
cfi=(42)
cfn=(118)
calls=2 23 
* 72
+3 4
410 2
-11 2
+11 12
-11 2
cfi=(45)
cfn=(140)
calls=2 40 
* 168

fn=(134)
468 7
+4 1
-4 8
+6 3
cfi=(7)
cfn=(136)
calls=1 239 
* 240
* 3
cfi=(7)
cfn=(136)
calls=1 239 
* 8
* 6
+7 2
+2 3
cfn=(138)
calls=1 -98 
* 118
* 1
+4 2
+5 2
cfi=(22)
cfn=(60)
calls=1 41 
* 17
* 1
+1 2
+7 5
+9 15
+1 8
+55 2
fi=(28)
50 2
cfi=(27)
cfn=(144)
calls=1 +45 
* 5
+1 1
fe=(31)
528 2
+4 3
fi=(28)
56 1
cfi=(27)
cfn=(76)
calls=1 -21 
* 25
* 1
fe=(31)
534 2
+5 1
+1 2
-1 1
-1 1
+2 1
cfi=(29)
cfn=(128)
calls=1 199 
* 13
+3 1
-3 1
+1 1
+2 1
+6 1
+1 1
-1 3
+1 11
+1 1
-1 1
+1 2
-1 2
+1 1
-1 1
+1 2
-1 6
+1 1
-1 1
+1 1
-1 3
+1 1
-1 2
+3 1
+1 1
-1 1
+1 2
+1 1
+6 2
+1 2
-57 4
+66 1
+3 8
-46 4

fn=(216) open_path
1870 8
+1 1
-1 6
+1 1
+6 2
+5 16
-7 2
+7 1
-8 1
+8 2
+3 2
+9 6
+7 3
+1 1
-1 1
cfi=(29)
cfn=(128)
calls=1 199 
* 13
-12 1
+12 1
+59 5
-58 4
+3 20
+5 80
cfi=(29)
cfn=(128)
calls=10 199 
* 134
* 40
cfi=(29)
cfn=(128)
calls=10 199 
* 130
+3 20
+6 30
+3 60
cfn=(218) open_verify.constprop.0
calls=10 1568 
* 540
* 10
+2 30
+2 20
+65 8
+7 2
-2 2
+2 2
+3 3
-13 1
+27 9
1902 58
+29 20
+1 70
+6 20
+2 10
-2 10
+2 20
cfi=(67)
cfn=(220)
calls=10 28 
* 158
* 10
+3 10
-3 20
+1 1
+2 2
-2 1
+2 26
-61 2

fn=(218)
1568 121
+39 33
+19 44
cfi=(55)
cfn=(178)
calls=11 28 
* 239
* 11
+2 22
+11 1
+6 2
-5 1
+5 8
cfi=(56)
cfn=(180)
calls=1 25 
* 6
+2 2
+2 2
+2 2
+6 2
+17 11
fi=(28)
50 2
cfi=(27)
cfn=(144)
calls=1 +45 
* 5
fe=(31)
1856 99
1674 3
+74 2
+5 2
+2 4
+6 2
+6 1
+1 1
-1 3
+1 1
-1 1
+1 2
+21 3
+31 1
-31 1
1633 1
1820 2
-31 48
+1 24
+1 8
+4 8
+6 4
+1 28
+10 12
cfi=(71) ./io/../sysdeps/unix/sysv/linux/pread64_nocancel.c
cfn=(232) __pread64_nocancel
calls=2 25 
* 14
* 16
+8 18
+15 2
+6 1
-3 1
+1 1
+1 1
+1 2
-3 1
+1 1
+1 1
+2 1
-3 3
-1 1
+4 2
-19 18
+3 2
-4 2
+4 4
+5 1
+1 4
-60 13
+1 3
-1 1
+1 3
cfi=(71)
cfn=(232)
calls=1 25 
* 7
* 3
+16 5
1612 20
+62 3
1802 4
-30 2

fn=(88) _dl_process_pt_gnu_property
868 3
+8 3
-8 3
+8 3
-6 3
+12 6
-13 3
+13 3
-13 3
+13 6
+3 9
+1 6
+1 6
+43 3

fn=(176) open_verify.constprop.1
1568 11
+39 3
+19 4
cfi=(55)
cfn=(178)
calls=1 28 
* 19
* 1
+2 2
+11 1
+6 2
-5 1
+5 8
cfi=(56)
cfn=(180)
calls=1 25 
* 6
+2 2
+2 2
+2 2
+6 2
+17 11
fi=(28)
50 2
cfi=(27)
cfn=(144)
calls=1 +45 
* 5
fe=(31)
1856 9
1674 3
+74 2
+5 2
+2 4
+6 2
+6 1
+1 1
-1 3
+1 1
-1 1
+1 2
+1 2
+20 3
+31 1
-31 1
1633 1
1820 2
-31 66
+1 28
+1 8
+4 8
+25 12
+3 18
+3 2
-4 2
+4 4
+6 4
-36 6

fn=(184) _dl_map_object_from_fd
944 20
+10 2
-10 8
+10 2
cfi=(46) ./elf/./elf/dl-debug.c
cfn=(186) _dl_debug_update
calls=2 38 
* 14
* 2
+7 8
+85 8
+10 4
+7 14
cfi=(26)
cfn=(70)
calls=2 59 
* 766
* 2
+1 4
+11 4
+5 2
-5 2
+1 4
+1 2
+2 2
-2 2
+2 4
+1 6
+1 2
+19 2
-2 1
+2 12
-2 1
+2 30
+10 8
+85 2
-58 2
-34 2
-1 2
+93 2
+6 2
-64 4
+9 2
+55 4
-55 2
-42 2
+97 4
1101 2
-5 4
+15 60
+20 2
+1 1
-22 69
+1 127
1213 4
1110 2
1213 4
1110 6
1218 6
+10 4
+1 2
-1 2
+1 2
-1 6
+1 6
-1 6
+1 6
-1 18
1076 4
1235 4
+10 8
+7 4
fi=(61) ./elf/./dl-map-segments.h
96 2
fe=(31)
1252 6
fi=(61)
28 2
fe=(31)
1252 2
fi=(61)
96 2
fe=(31)
1252 2
fi=(61)
28 4
+1 16
cfi=(60)
cfn=(194)
calls=2 +18 
* 18
+74 4
-1 2
-73 2
+74 2
+3 4
+1 2
+2 2
-3 2
+1 2
+2 2
+7 8
+3 4
cfi=(72)
cfn=(236)
calls=1 -2 
* 6
* 3
+7 2
+2 2
fi=(62) ./elf/./dl-load.h
-37 16
+1 6
+2 16
fi=(61)
+56 32
+8 2
-2 2
+1 2
+2 2
-1 2
+1 2
-1 6
+8 4
+3 4
+8 14
cfi=(44)
cfn=(132)
calls=2 -52 
* 237
+1 4
+5 4
+12 8
-59 40
+2 12
+3 6
-3 12
+2 48
cfi=(60)
cfn=(194)
calls=6 -93 
* 54
* 18
fi=(57) ./elf/../sysdeps/posix/dl-fileid.h
37 6
cfi=(58)
cfn=(190)
calls=2 -8 
* 30
* 4
fe=(31)
999 4
fi=(57)
40 6
fe=(31)
999 2
fi=(57)
40 2
fe=(31)
999 23
+1 10
fi=(57)
49 12
fe=(31)
1515 18
1018 4
+66 13
+1 2
-1 1
+1 1
-1 1
+1 1
cfi=(71)
cfn=(232)
calls=1 25 
* 7
* 2
+26 26
+26 48
+10 8
-1 8
-1 8
+2 8
+2 8
-2 8
-1 48
+2 16
+1 8
+2 8
-3 8
+3 48
+2 16
+4 16
+1 30
+4 6
+1 6
-1 6
+1 42
-18 6
+28 6
-11 2
+1 2
-1 2
+1 14
-18 2
+28 2
-56 4
+7 2
+2 2
-2 2
+1 2
+1 2
-1 4
+1 16
+50 3
+5 1
-1 2
+5 1
-5 2
-56 1
+61 4
+1 1
+3 1
-3 1
+8 4
+15 4
+1 2
+58 8
+1 6
fi=(63) ./elf/./elf/get-dynamic-info.h
39 4
+6 2
-2 2
+2 4
+9 2
+5 2
+3 2
+2 2
-3 2
-3 2
-3 28
+13 8
-23 32
+23 29
-23 116
+4 74
+5 40
+2 10
+3 8
+13 8
+10 7
+1 8
+1 8
+1 8
+2 8
+5 7
+1 7
+1 8
+3 6
+5 2
+7 4
+1 6
+22 6
+5 2
+2 2
+2 2
+2 2
+4 6
+2 3
+1 2
+9 2
+6 2
+4 4
fe=(31)
1275 4
+1 4
+2 4
+10 6
+19 6
+2 10
+52 6
+1 2
+6 16
+1 42
+6 8
cfn=(88)
calls=2 868 
* 40
-7 54
+1 25
+6 25
-6 50
fi=(30) ./elf/../sysdeps/x86/dl-prop.h
95 16
213 2
-1 4
105 4
212 2
105 2
-2 2
-3 2
+2 2
+3 2
-4 4
+92 8
-1 2
-87 6
+3 6
+1 4
+1 4
+4 6
+4 6
+3 6
+1 4
+4 2
+1 8
+58 6
+2 8
-56 6
+1 3
+3 6
+3 3
+1 12
+5 6
+2 6
+5 6
+14 3
-1 6
+2 2
-1 4
fe=(31)
1380 4
cfi=(64)
cfn=(204)
calls=2 25 
* 12
* 4
+13 4
+2 8
+2 4
+16 4
cfi=(8)
cfn=(14)
calls=2 25 
* 58
+4 4
+1 4
+17 4
+1 1
+3 1
+5 1
-5 1
+5 1
-5 1
+5 1
-5 1
+5 1
+10 4
+7 12
+10 4
+1 4
+5 2
cfi=(47)
cfn=(238)
calls=1 131 
* 10
+7 6
cfi=(26)
cfn=(82)
calls=2 31 
* 94
+3 8
+23 14
+1 6
cfi=(49)
cfn=(206)
calls=2 76 
* 10
* 2
fi=(62)
95 5
+2 1
-1 2
+1 1
-1 1
+1 1
-1 1
+1 1
-1 2
+3 4
fe=(31)
1506 10
fi=(30)
198 8
+2 2
+1 2
+2 2
-3 6
fe=(31)
1368 6
fi=(63)
62 8
+2 8
fe=(31)
1084 2
fi=(61)
187 8
cfi=(60)
cfn=(194)
calls=1 47 
* 9
+3 2
fe=(31)
1462 6
+2 1
-1 5
+1 1
-1 1
+1 1
-1 1
cfi=(32)
cfn=(90)
calls=1 108 
* 25
* 2
+2 5
1275 2
fi=(57)
49 3
fi=(30)
170 3
-39 2
fe=(31)

fn=(172) _dl_map_object
2022 30
+8 6
+1 12
+3 42
+5 49
+2 21
cfi=(54)
cfn=(174)
calls=7 68 
* 965
* 14
+4 12
+1 18
+4 2
-1 10
+1 2
+1 2
-1 2
+1 2
cfi=(32)
cfn=(90)
calls=2 108 
* 91
* 4
2329 27
2068 2
+1 2
-1 2
+1 2
-1 2
+1 2
-1 4
-44 2
+53 6
+17 4
-2 2
+2 2
cfi=(42)
cfn=(118)
calls=2 23 
* 48
* 4
2260 2
-1 3
cfn=(138)
calls=1 385 
* 168
+2 1
-3 1
+1 1
+2 2
+4 5
cfn=(176)
calls=1 1568 
* 283
+3 2
-3 1
+3 1
+12 4
+46 1
+1 3
-1 1
+1 9
cfn=(184)
calls=1 944 
* 1819
-1 1
+1 3
-1 1
+1 9
cfn=(184)
calls=1 944 
* 2221
* 6
2098 2
cfi=(22)
cfn=(60)
calls=1 41 
* 17
* 2
+2 2
+7 4
+51 11
cfn=(216)
calls=1 1870 
* 1656
+6 1
-6 1
+6 4
682 1
2165 1
682 2
2252 2
+28 4
+2 4
2111 1
696 3
2111 1
+1 1
696 2
2116 3
682 1
2117 1
682 2
2173 1
+14 2
+2 3
+4 2
cfi=(68)
cfn=(222)
calls=1 416 
* 1677
* 1
+2 2
+4 2
+8 3
+23 6
cfn=(218)
calls=1 1568 
* 396
+4 2
-4 1
+4 1
+1 2
2131 5
+1 10
682 1
2133 1
682 2
2157 3
+1 2
-16 2

fn=(212) _dl_dst_count
238 4
+3 2
-3 4
+7 2
-7 4
+3 2
cfi=(42)
cfn=(118)
calls=2 23 
* 72
+3 4
+20 14

fl=(25) ./elf/./elf/dl-environ.c
fn=(68) _dl_next_ld_env_entry
28 3
+1 3
+3 43
+13 33
-13 66
+2 70
+1 18
+5 2
-3 2
+3 2
+2 2
+7 1

fl=(19)
fn=(52)
481 1
+17 1
-17 4
+16 1
-16 1
+15 1
-15 3
+18 1
-1 1
+9 2
+3 3
+11 1
-11 1
-5 1
+21 3
+4 2
681 4
+1 5
+4 2
+9 2
-2 1
+2 2
-1 1
+1 3
535 6
+3 8
+7 2
-7 9
+7 6
+3 26
+14 2
+4 1
+3 1
+1 1
-4 2
+3 3
+6 2
-37 6
+15 2
+4 1
+1 1
-1 2
+18 2
-68 6
+74 4
+8 7
+2 2
+4 3
+2 1
+2 5
-4 1
+16 1
-16 3
+21 2
-21 4
+3 1
+1 4
-4 1
+6 4
+3 2
+5 1
+2 2
+1 1
+1 1
-2 2
+1 1
-19 5
+46 2
+1 1
+1 2
+2 2
-1 3
-23 2
+7 1
+2 2
-16 1
+22 1
-6 2
+1 1
+5 1

fn=(46)
255 24
-5 24
+16 12
-16 72
+13 12
+1 36
-3 24
+11 60
+5 24
+2 12
+1 12
-1 12
+5 48
cfn=(48) intel_check_word.constprop.0
calls=12 123 
* 3876
+2 24
+3 60
cfn=(48)
calls=12 123 
* 1156
+2 24
+3 5
cfn=(48)
calls=1 123 
* 20
+2 2
+3 5
cfn=(48)
calls=1 123 
* 255
+2 2
-35 3
+39 3
+5 96

fn=(48)
123 78
-4 78
+10 104
-10 26
+10 52
+2 52
+71 200
-71 102
+2 63
+2 126
+8 126
+51 102
+22 51
fi=(20) ./elf/../bits/stdlib-bsearch.h
28 51
-1 102
+4 102
+1 51
fe=(19)
+78 102
fi=(20)
-79 76
+1 38
fe=(19)
+78 76
+3 345
fi=(20)
-84 820
+2 512
+1 256
fe=(19)
+78 512
+15 15
246 104
fi=(20)
37 63
-8 151
fe=(19)
155 36
+3 36
-6 54
+3 14
+9 14
+23 19
-32 57
+3 57
+4 50
+2 100
+2 50
+2 36
+4 11
+2 22
+6 14
+3 8
+1 12
-8 4
+2 4
-1 4
-1 4
+2 8
-2 4
+3 12
-2 12
+2 8
-10 24
+1 10
+11 12
-26 4
+9 4
+23 2
-32 6
+3 6
+4 8
+2 16
+2 8
-11 3
+7 6
+2 12

fl=(39)
fn=(110)
29 1
fi=(18)
+2 1
fe=(39)
+7 1
fi=(18)
-7 2
-1 2
fe=(39)
+22 1
fi=(18)
-20 3
+4 1
fe=(39)
+2 1
fi=(18)
-2 2
+3 4
+1 4
+5 1
fe=(39)
-7 1
fi=(18)
+7 3
fe=(39)
-2 1
fi=(18)
+5 2
+1 3
+2 4
+1 2
+1 2
+6 1
fe=(39)
-11 1
fi=(18)
+11 1
-3 2
fe=(39)

fl=(59)
fn=(192)
153 26
-55 26
+70 30
+1 4
-2 18
+1 18

fl=(139)
fn=(444)
74 30
+2 3
-2 3
+4 3
-4 3
+2 3
+2 9
+37 3
-37 9
+1 6
+2 12
+3 25
-52 3
+54 6
-54 3
+54 3
-54 9
+1 9
+2 6
+1 6
+12 12
+3 3
+2 3
-2 3
+2 9
cfi=(32)
cfn=(90)
calls=3 +55 
* 207
* 6
+4 6
+1 3
-1 3
+1 18
+1 9
cfi=(32)
cfn=(90)
calls=3 +49 
* 75
* 6
+57 27
-23 6

fl=(140) ./elf/./elf/dl-call-libc-early-init.c
fn=(448) _dl_call_libc_early_init
27 1
+2 2
-2 1
+6 3
-6 1
+6 3
-6 1
+6 1
cfi=(139)
cfn=(444)
calls=1 +41 
* 177
+4 2
+2 4
+2 1
-1 1
+1 2
-1 1
cob=(3)
cfi=(141)
cfn=(450)
calls=1 -7 
* 1108

fl=(77) ./elf/../sysdeps/x86/dl-cet.c
fn=(270) _dl_cet_check
252 8
42 1
+9 1
-10 1
+4 1
-4 1
+3 1
+4 2
+1 2
-1 2
+14 2
254 8

fl=(41)
fn=(122)
25 4
+1 3
+21 1
-20 1
+20 3

fn=(120) _dl_hwcaps_contains
66 6
+1 12
+1 6
+9 6

fn=(116)
51 55
-25 42
+4 24
+4 48
+1 12
-1 24
+2 24
+5 27
cfi=(42)
cfn=(118)
calls=9 -18 
* 216
+1 18
+3 6
+11 12
+1 12
+1 6
-1 6
+1 6
-2 6
+1 6
+1 3
-1 3
+1 27
cfn=(120)
calls=6 +8 
* 30
* 12
-3 5
+7 44
-19 6
cfi=(22)
cfn=(60)
calls=3 -2 
* 51
* 3

fl=(50) ./string/../sysdeps/x86_64/strcspn.S
fn=(158) strcspn
25 1
+2 1
+7 1
+1 1
+2 1
+1 1
+1 1
+1 1
+1 33
+3 3
+7 1
+1 1
+1 1
+1 1
+2 1
+1 1
+1 1
+1 1
+2 1
+1 1
+1 1
+9 3
+12 1
+2 1
+1 1
+1 1
-4 12
+2 12
+1 12
+1 12
+2 13
+1 13
+1 13
+2 13
+1 13
+1 13
+2 13
+1 13
+1 13
+2 1
+1 1
+1 1
+2 1
+7 1
+4 1

fl=(146) ./elf/../sysdeps/x86_64/dl-trampoline.h
fn=(466) _dl_runtime_resolve_xsave
67 3
+5 3
+3 3
+2 3
+10 3
+6 3
+1 3
+1 3
+1 3
+1 3
+1 3
+1 3
+4 3
+1 3
+3 3
+1 3
+2 3
+1 3
+1 3
+1 3
+1 3
+1 3
+2 3
+7 3
+1 3
+1 3
cfi=(147)
cfn=(468)
calls=3 -80 
* 2174
+1 3
+5 3
+1 3
+1 3
+2 3
+1 3
+1 3
+1 3
+1 3
+1 3
+1 3
+2 3
+2 3
+4 3
+2 3

fl=(55)
fn=(178)
28 13
+3 13
-3 39
+3 78
+8 91
+2 3
-2 30
+2 10

fl=(79)
fn=(282) do_lookup_x
363 1800
+1 225
-1 1125
+48 225
-30 450
-11 225
+41 225
-30 675
+30 225
fi=(80) ./elf/../sysdeps/generic/dl-protected.h
44 675
fe=(79)
381 225
fi=(80)
44 900
fe=(79)
395 2076
+4 692
+4 692
-3 692
+3 2768
+1 2076
+3 692
+1 1384
+7 692
-3 1384
-2 692
+5 2768
+3 4844
570 1422
374 1384
+3 1384
+4 1384
+4 1384
+4 1384
+88 436
fi=(4)
137 436
+1 654
fe=(79)
528 436
fi=(80)
29 436
fe=(79)
535 1500
+16 436
+1 218
+1 436
422 984
-1 492
+2 492
+2 2904
+13 1038
-10 2820
+3 229
-1 458
+1 229
-1 229
+2 458
-1 2748
cfn=(284) check_match
calls=229 70 
* 25868
+4 687
+3 22
573 7
+1 1800
-35 183
-70 48
171 168
452 1744

fn=(280)
840 2250
+10 225
-10 450
+10 225
-10 225
+10 225
204 225
840 225
204 1125
581 900
-1 450
+2 225
-1 225
+1 675
-1 675
+1 2211
-1 2211
+1 6633
-1 6633
+2 225
846 225
-4 225
+1 225
+7 225
-8 225
+1 225
+7 873
+3 225
+2 450
-2 225
+6 450
-7 1350
+7 35
+1 3150
cfn=(282)
calls=225 363 
* 85365
* 675
+28 225
-23 225
+23 225
-23 450
+24 1292
+7 218
-7 218
+40 872
+79 436
-65 654
+3 654
-62 225
+69 2025
-86 42
+18 21
+59 2

fn=(284)
70 229
+3 229
-3 2748
+3 902
+13 222
-13 222
+13 222
-13 222
+13 666
+3 1076
cfi=(32)
cfn=(90)
calls=158 +19 
* 6870
* 316
+4 222
+1 444
+2 440
+19 440
+1 1760
+2 8
-40 218
+84 1308
-18 4
+2 4
+1 2
-1 4
+1 6
-1 4
+9 4
+7 66
-45 648
cfi=(32)
cfn=(90)
calls=216 -9 
* 5888
* 432
-44 28
+82 14

fl=(13)
fn=(100) _dl_discover_osversion
46 5
+2 3
+40 2
cfi=(36)
cfn=(102)
calls=1 +32 
* 6
+15 1
-15 2
+20 1
-1 1
+3 12
+4 3
-2 6
+2 10
+3 1
-1 1
+1 3
-3 4
+3 1
-1 1
+1 3
-3 4
+7 3
-1 3
+4 3
-2 3
+2 12
+9 5

fl=(46)
fn=(152) _dl_debug_state
116 2
+1 2

fn=(146) _dl_debug_initialize
56 1
+3 2
+4 1
-6 1
+4 1
+2 2
+22 2
+5 2
+1 1
+1 1
-1 1
-1 1
+5 2
+4 2
+8 2
-43 2
+32 6

fn=(186)
38 3
+3 3
-1 6
+4 6
+4 3

fl=(66)
fn=(214)
61 6
+7 2
-4 4
+1 2
-1 16
cfi=(31)
cfn=(172)
calls=2 2022 
* 7116
* 2
+5 4

fn=(210) _dl_map_object_deps
159 5
+1 3
-1 1
+1 1
-1 2
+1 1
-1 3
+1 1
-1 4
+1 12
-8 1
-7 1
+15 1
-14 1
+6 1
+8 1
-15 1
+7 1
-8 1
+1 1
+7 1
-7 1
+31 3
-28 3
-2 1
+31 1
-33 2
+2 2
+30 2
-30 1
-1 4
+7 4
+24 2
-32 1
+60 1
-60 2
+36 1
fi=(74) ./elf/../include/scratch_buffer.h
77 3
fe=(66)
198 1
fi=(74)
78 1
fe=(66)
200 2
+98 1
198 1
+4 1
+7 1
+4 4
-4 3
+4 12
+11 12
-18 2
+18 4
433 12
+2 2
+3 2
-3 4
+3 2
fi=(28)
56 2
cfi=(27)
cfn=(76)
calls=2 -21 
* 50
* 2
fe=(66)
439 4
+6 2
+1 10
cfi=(29)
cfn=(80)
calls=2 212 
* 22
+1 10
cfi=(29)
cfn=(80)
calls=2 212 
* 22
+4 2
-1 2
+5 16
204 9
458 9
-1 4
+1 8
199 3
+27 10
+5 2
+6 2
-5 2
-1 2
+2 4
+4 8
-31 2
+31 2
+1 6
+6 8
cfi=(31)
cfn=(212)
calls=2 -6 
* 108
* 6
+4 4
-2 2
+2 4
cob=(2)
cfi=(51)
cfn=(164)
calls=2 0 
* 7274
+1 4
+9 2
+2 4
+5 10
+6 2
+2 2
-8 4
+3 2
+1 2
+1 2
+1 2
+4 10
+4 6
+1 3
-43 184
+1 88
+44 132
-38 4
fi=(74)
85 3
fe=(66)
464 6
+1 1
+3 4
+11 3
fi=(28)
56 1
cfi=(27)
cfn=(76)
calls=1 -21 
* 25
* 1
fe=(66)
481 2
+5 3
+1 1
-1 2
+4 2
-2 1
+2 1
-2 2
+13 3
+5 3
-16 9
-2 3
+6 3
+7 3
-2 6
-5 1
+7 1
-2 2
+2 2
+5 1
-16 6
+19 2
+52 3
+37 3
+15 1
-11 1
+11 1
-14 2
+20 1
-1 3
+1 3
-1 5
cfi=(12)
cfn=(246)
calls=1 290 
* 260
+5 1
+3 1
-1 1
+2 2
+7 3
+3 3
+3 8
214 25
+3 2
fi=(74)
-86 6
cfi=(73)
cfn=(240)
calls=2 30 
* 40
fe=(66)
+86 4
+4 6
613 2
cfi=(29)
cfn=(80)
calls=1 212 
* 11
* 1
-53 2
160 2
380 6

fl=(2)
fn=(252)
696 3
+2 4
cfi=(75)
cfn=(254)
calls=1 361 
* 5754
* 2
+4 2

fn=(156) handle_preload_list
894 10
+5 1
-5 2
+5 2
+6 1
-64 1
+54 3
+7 3
cfi=(50)
cfn=(158)
calls=1 25 
* 233
* 1
+1 3
+9 1
191 1
914 2
191 2
916 2
-80 1
+5 5
-10 1
+8 1
-4 1
+1 1
+1 1
+4 1
cob=(2)
cfi=(51)
cfn=(160) 0x0000000004002080
calls=1 0 
* 2784
+1 3
+8 3
+67 1
-18 2
+21 9
-15 4
cfi=(29)
cfn=(80)
calls=1 212 
* 19
+1 2

fn=(170)
663 2
+2 1
-2 1
+2 1
+1 2
-1 2
+1 3
cfi=(31)
cfn=(172)
calls=1 2022 
* 2683
* 1
+2 2

fn=(64)
1320 2
205 1
311 1
1320 2
2818 1
1320 3
2829 1
1320 2
2698 1
1320 2
311 1
1320 3
207 1
310 1
205 1
+99 3
1332 1
cfi=(24)
cfn=(66)
calls=1 53 
* 17
2677 3
+6 5
-4 1
+4 1
+2 3
cfi=(25)
cfn=(68)
calls=1 28 
* 35
* 4
cfi=(25)
cfn=(68)
calls=2 28 
* 210
* 9
+4 6
-2 2
+2 6
+1 2
-1 6
+1 17
-1 89
+9 12
2845 4
+32 2
1348 1
+1 2
-1 2
+1 2
2774 3
+1 3
-56 2
+7 2
1627 9
cfi=(26)
cfn=(70)
calls=1 59 
* 230
* 1
+2 2
+1 1
+6 2
-6 1
+1 2
+1 3
+4 1
cfi=(26)
cfn=(82)
calls=1 31 
* 36
+1 2
1140 1
1326 1
1169 1
-29 1
+11 1
+18 2
-21 1
+21 1
-19 1
-4 1
+23 1
-21 1
+21 2
+57 1
-83 1
+23 1
+4 1
+19 1
+22 1
+15 5
-56 116
1275 4
+2 1
1169 18
fi=(30)
105 2
fe=(2)
1282 22
+6 4
cfi=(31)
cfn=(88)
calls=1 868 
* 20
-7 26
+1 13
+6 13
-6 26
fi=(30)
212 4
+1 2
95 8
+10 2
212 1
105 1
-2 1
-3 1
+2 1
+3 1
-4 2
+92 4
-1 1
-87 3
+3 3
+1 2
+1 2
+4 3
+4 3
+3 3
+1 2
+4 1
+1 4
+58 3
+2 4
-56 4
+1 2
+3 4
+3 2
+1 8
+5 4
+2 4
+5 4
+14 2
-1 4
+2 2
fe=(2)
1174 1
-5 1
+5 2
-5 2
+30 1
-9 1
+27 1
-27 1
+2 1
-3 1
+10 2
-20 2
-10 1
+10 1
+1 9
-11 2
+57 4
-1 4
+1 8
-1 4
+2 8
+1 1
+2 12
+1 14
+4 8
+1 8
+1 4
+1 10
+1 1
+4 1
-74 1
+74 2
-74 2
+74 3
-74 3
+74 6
-74 6
fi=(30)
165 2
fe=(2)
1271 1
1169 1
1271 1
1169 2
1294 1
+3 2
+2 1
-5 2
+3 2
+2 2
+2 2
1662 3
+2 1
-1 1
+1 2
+1 2
-2 1
+2 1
-2 2
cfi=(32)
cfn=(90)
calls=1 108 
* 34
* 2
+7 1
+3 1
-5 1
+3 1
+2 1
+1 2
+4 2
+2 2
fi=(3) ./elf/./get-dynamic-info.h
39 3
+6 1
-2 1
+2 2
+9 1
+5 1
+3 1
+2 1
-3 1
-3 1
-3 17
+13 5
-23 20
+23 17
-23 68
+4 44
+5 24
+2 5
+16 3
+25 3
+5 2
+7 2
+1 3
+22 3
+5 2
+2 2
+2 2
+2 2
+1 1
+3 3
+2 3
+1 2
+9 2
+6 2
+1 2
+3 2
fe=(2)
1688 3
+7 2
cfi=(8)
cfn=(14)
calls=1 25 
* 29
+3 2
fi=(33) ./elf/./setup-vdso.h
24 2
fi=(35) ./elf/../sysdeps/unix/sysv/linux/dl-vdso-setup.h
+21 1
fe=(2)
1723 1
cfi=(13)
cfn=(100)
calls=1 46 
* 99
* 8
fi=(37) ./elf/./dl-main.h
109 5
cfi=(31)
cfn=(106)
calls=1 706 
* 2926
fe=(2)
1731 3
cfi=(46)
cfn=(146)
calls=1 56 
* 30
+7 1
-7 1
+2 1
+5 1
+4 1
+3 1
-3 3
+1 2
+3 1
+5 1
-7 1
+7 1
+1 3
+12 2
+1 2
+5 1
-3 2
+2 1
+1 2
+5 3
+1 5
-1 2
233 1
-1 1
+1 3
+1 2
-2 1
+2 2
1793 2
+5 1
-1 1
+1 1
+24 1
cfi=(47)
cfn=(148)
calls=1 197 
* 6
* 1
fi=(48) ./elf/../sysdeps/generic/dl-debug.h
29 3
+1 2
fe=(2)
1828 2
+1 1
cfi=(46)
cfn=(152)
calls=1 116 
* 2
+1 1
+4 3
cfi=(49)
cfn=(154)
calls=1 28 
* 16
+5 3
+2 1
+2 2
+9 2
+16 4
cfi=(65)
cfn=(208)
calls=1 25 
* 9
* 2
+76 4
+16 3
85 1
1970 1
85 2
1970 2
85 1
1970 5
cfi=(66)
cfn=(210)
calls=1 159 
* 8743
92 1
1976 1
92 2
+9 2
1976 2
+1 5
-1 4
+1 6
-1 12
+4 4
+1 3
+1 1
+2 2
+1 4
-1 9
+1 9
+12 3
+1 2
+2 1
+2 3
+2 1
-4 1
+5 1
-1 2
+14 2
+1 2
+1 3
+11 2
+2 1
-2 1
+2 2
-2 1
+1 2
+1 1
-1 2
+1 1
cfi=(52)
cfn=(250)
calls=1 238 
* 5782
+10 2
+1 2
+3 2
862 1
fi=(321) ./elf/../sysdeps/unix/sysv/linux/dl-osinfo.h
64 2
fe=(2)
864 1
+6 1
+3 1
+7 1
-5 1
2052 3
2282 3
1778 2
+6 1
-6 2
+6 1
+2 3
fi=(30)
198 4
+2 1
+1 1
+2 1
-3 3
+3 1
fi=(3)
59 4
+3 4
+2 4
fi=(34) ./elf/../sysdeps/unix/sysv/linux/dl-vdso.h
-24 1
+1 2
fe=(2)
2331 1
1325 1
2342 1
-4 2
+10 1
-6 1
+6 1
+3 2
+8 1
fi=(30)
36 1
fe=(2)
2359 1
fi=(30)
37 3
+3 1
+13 6
-13 3
+9 6
-9 1
+9 20
+4 15
-16 12
+34 3
cfi=(77)
cfn=(270)
calls=1 252 
* 30
fe=(2)
2361 2
+54 3
+3 1
85 4
2422 1
+1 19
+2 8
+5 8
+2 8
+6 4
+2 12
+1 24
cfi=(78)
cfn=(272)
calls=3 194 
* 170155
+4 10
+1 2
-23 1
+23 1
cfi=(47)
cfn=(412)
calls=1 1015 
* 28
-23 6
92 3
+1 1
2454 1
93 1
2454 1
+5 4
+2 1
+7 3
cfi=(47)
cfn=(424)
calls=1 528 
* 146
+3 2
fi=(3)
72 2
+10 3
+1 4
+1 4
+1 4
+2 4
+5 4
+1 4
+1 5
fi=(35)
-64 3
+3 1
+3 1
+3 1
fi=(34)
+16 2
fe=(2)
2434 1
+1 1
-3 2
+49 3
+2 4
+10 1
cfi=(134) ./elf/./elf/dl-find_object.c
cfn=(426) _dl_find_object_init
calls=1 561 
* 571
+5 2
cfi=(7)
cfn=(434)
calls=1 76 
* 2498
+3 1
cfi=(138)
cfn=(442)
calls=1 30 
* 415
85 1
2507 1
+1 3
85 3
2508 2
cfi=(78)
cfn=(272)
calls=1 194 
* 4843
92 3
+9 2
2516 3
cfi=(140)
cfn=(448)
calls=1 27 
* 1309
+7 1
cfi=(9)
cfn=(474)
calls=1 262 
* 2
+4 3
cfi=(49)
cfn=(476)
calls=1 40 
* 21
+5 2
cfi=(46)
cfn=(186)
calls=1 38 
* 7
+1 1
-1 1
+2 1
cfi=(46)
cfn=(152)
calls=1 116 
* 2
+1 1
+4 1
cfi=(68)
cfn=(478)
calls=1 537 
* 18
+5 8
1741 4
1995 2
+50 2
cfn=(258) init_tls
calls=1 756 
* 784
* 2
2726 4
+2 2
+1 1
+46 2
+2 1
+1 1
-1 1
+1 1
+1 1
85 1
1847 1
85 2
1847 1
85 1
1847 2
cfn=(156)
calls=1 894 
* 3107
* 1
92 3
+9 3
1948 16
+1 1
-1 1
+4 3
+1 1
+1 2
+1 2
-7 2
fi=(30)
170 3
-39 2
fe=(2)

fn=(2)
527 10
85 1
fi=(6)
-40 1
fe=(2)
557 1
-4 1
85 2
556 1
85 1
fi=(3)
-40 1
fe=(2)
556 1
fi=(3)
45 2
+9 1
+5 1
+3 1
+2 1
+4 1
-7 1
-3 1
-3 14
+13 4
-23 16
+23 14
-23 56
+4 36
+5 20
+2 5
+3 4
fi=(4)
+21 1
fi=(3)
-8 3
+10 4
+1 4
+1 4
+1 4
+2 4
+5 4
+1 4
+1 4
+3 3
+5 2
+7 3
+1 3
+8 2
+1 2
+5 3
+3 3
fe=(2)
573 1
fi=(6)
71 1
fe=(2)
573 42
fi=(6)
414 1
fi=(5)
86 1
fe=(2)
573 2
fi=(5)
49 1
+37 1
-37 1
+37 1
+2 1
-2 1
+2 1
-2 1
+27 2
-27 1
fe=(2)
573 2
fi=(5)
49 1
+37 1
-37 1
+37 1
+2 1
-2 1
+2 1
-2 1
+27 3
+1 2
fi=(6)
534 2
fi=(5)
114 282
fi=(6)
534 282
+1 142
fi=(5)
113 142
fi=(6)
535 284
fi=(5)
113 284
+5 4
+8 7
fi=(6)
326 12
fi=(5)
126 21
+2 7
+2 7
-2 7
fi=(6)
287 7
fi=(5)
130 7
-2 7
+1 14
fi=(6)
287 14
+9 70
+3 14
+27 33
fe=(2)
573 6
fi=(5)
50 1
fi=(4)
+30 2
fi=(6)
326 2
+20 12
+1 6
fe=(2)
575 1
+13 1
cfi=(7)
cfn=(12)
calls=1 42 
* 10
+4 2
85 1
488 2
85 3
488 1
cfi=(8)
cfn=(14)
calls=1 25 
* 29
+2 2
-1 1
+1 2
+17 1
-15 1
-2 1
+17 1
-15 1
+9 1
-11 1
+17 1
cfi=(9)
cfn=(16)
calls=1 85 
* 228860
* 1
+2 2
+98 9
fi=(3)
62 4
+2 4
fe=(2)
573 3

fn=(258)
756 3
+2 1
+4 1
-4 1
+4 2
+11 1
fi=(28)
44 1
fe=(2)
768 1
+4 1
fi=(28)
44 1
cfi=(27)
cfn=(72)
calls=1 +34 
* 36
fe=(2)
783 1
-12 1
+6 1
-9 1
+11 1
+4 1
+2 3
-1 2
+3 8
+4 1
+2 1
-2 2
-5 1
-1 2
+10 3
+3 2
cfi=(47)
cfn=(260)
calls=1 97 
* 79
+3 1
cfi=(47)
cfn=(262)
calls=1 221 
* 76
+7 1
cfi=(47)
cfn=(264)
calls=1 422 
* 442
* 1
+1 2
+6 1
+3 2
-3 1
+3 6
+3 1
cfi=(24)
cfn=(266)
calls=1 68 
* 75
+1 1
+3 5
-39 3
-1 7

fl=(71)
fn=(232)
25 8
+1 16
+1 4

fl=(44)
fn=(132)
125 7
+1 35
+6 7
+1 7
+1 7
+1 7
+2 1
+1 1
+1 1
+65 4
+1 4
+2 4
+76 6
+1 6
+5 6
+3 6
+1 6
+3 2
+1 2
+13 2
+1 2
+2 2
+3 1
+3 2
+3 1
+1 1
+1 1
+1 1
+1 1
+1 1
+1 1
-6 27
+1 27
+1 27
+1 27
+1 27
+1 27
+1 27
+3 2
+1 2
+1 2
+1 2
+5 2

fl=(134)
fn=(426)
561 4
+3 1
+2 2
+13 1
cfn=(430) _dlfo_process_initial
calls=1 474 
* 79
+1 1
-1 1
+1 1
fi=(28)
56 1
cfi=(27)
cfn=(76)
calls=1 -21 
* 25
fe=(134)
580 1
fi=(28)
56 1
fe=(134)
582 2
+3 2
+5 1
+1 1
cfn=(430)
calls=1 474 
* 280
+3 3
+10 4
-37 2
cfi=(135)
cfn=(428)
calls=1 95 
* 68
* 1
+29 2
cfn=(432) _dlfo_sort_mappings
calls=1 -60 
* 80
+3 6
+2 1

fn=(430)
474 2
+3 2
-3 2
+1 2
+3 4
+26 14
+1 6
+1 8
-1 16
+3 28
+3 24
-7 10
+25 2
+2 8
-18 18
+3 6
-1 6
cfi=(135)
cfn=(428)
calls=3 95 
* 189
+2 12

fn=(432)
536 1
+1 2
+3 4
+4 1
+1 1
-1 1
+1 2
-1 1
+1 1
-1 1
+1 6
+1 19
-1 9
+8 6
+1 4
-1 2
-13 4
+14 6
+1 4
-15 4
+17 1

ob=(2)
fl=(51)
fn=(588)
0 194
cob=(3)
cfi=(169)
cfn=(590)
calls=97 51 
0 2547

fn=(716)
0 6
cob=(3)
cfi=(180)
cfn=(720)
calls=3 3400 
0 564
cob=(1)
cfi=(146)
cfn=(466)
calls=1 67 
0 660
0 5

fn=(754)
0 384
cob=(3)
cfi=(204)
cfn=(756)
calls=192 128 
0 10320

fn=(924) 0x0000000000111c20
0 2296
cob=(3)
cfi=(180)
cfn=(926)
calls=1148 3624 
0 476930

fn=(984) 0x00000000001118f0
0 2808
cob=(3)
cfi=(166)
cfn=(586)
calls=1404 83 
0 39919

fn=(1002) 0x0000000000111ae0
0 14854
cob=(3)
cfi=(169)
cfn=(590)
calls=7427 51 
0 158306

fn=(1006) 0x0000000000111cf0
0 14970
cob=(3)
cfi=(186)
cfn=(648)
calls=7485 307 
0 113005

fn=(1686) 0x0000000000111930
0 132
cob=(3)
cfi=(269)
cfn=(1688)
calls=66 32 
0 528

fn=(164)
0 6
cob=(1)
cfi=(52)
cfn=(166)
calls=3 175 
0 10027

fn=(3342) 0x00000000001119c0
0 26
cob=(3)
cfi=(292)
cfn=(3344)
calls=13 23 
0 39

fn=(3374) 0x0000000000111f90
0 26
cob=(3)
cfi=(293)
cfn=(3376)
calls=13 24 
0 234

fn=(612)
0 160
cob=(3)
cfi=(169)
cfn=(614)
calls=80 51 
0 1520

fn=(858) 0x0000000000111960
0 18
cob=(3)
cfi=(232)
cfn=(860)
calls=9 26 
0 747

fn=(918) 0x0000000000111ed0
0 2
cob=(3)
cfi=(157)
cfn=(522)
calls=1 69 
0 75

fn=(972) 0x0000000000111f50
0 1996
cob=(3)
cfi=(223)
cfn=(818)
calls=998 40 
0 221350

fn=(1028) 0x0000000000111800
0 6838
cob=(3)
cfi=(180)
cfn=(654)
calls=3419 3352 
0 205027

fn=(1030) 0x0000000000111a80
0 28730
cob=(3)
cfi=(168)
cfn=(582)
calls=14365 50 
0 212896

fn=(1246) 0x0000000000111950
0 4
cob=(3)
cfi=(243)
cfn=(1248)
calls=2 24 
0 110

fn=(1602) 0x0000000000111e80
0 2
cob=(3)
cfi=(189)
cfn=(666)
calls=1 85 
0 459

fn=(2238) 0x0000000000111a00
0 4
cob=(3)
cfi=(200)
cfn=(726)
calls=2 34 
0 968

fn=(3296) 0x0000000000111f10
0 26
cob=(3)
cfi=(280)
cfn=(3298)
calls=13 34 
0 91

fn=(3304) 0x0000000000111a60
0 170
cob=(3)
cfi=(207)
cfn=(768)
calls=85 53 
0 2408

fn=(3306) 0x0000000000111a90
0 170
cob=(3)
cfi=(281)
cfn=(3308)
calls=85 121 
0 4548

fn=(3668) 0x0000000000111830
0 2
cob=(3)
cfi=(301)
cfn=(3670)
calls=1 30 
0 72

fn=(982) 0x0000000000111c50
0 13184
cob=(3)
cfi=(166)
cfn=(576)
calls=6592 83 
0 158039

fn=(1524) 0x0000000000111d30
0 100
cob=(3)
cfi=(262)
cfn=(1526)
calls=50 32 
0 2210

fn=(3218) 0x0000000000111b50
0 26
cob=(3)
cfi=(274)
cfn=(3220)
calls=13 32 
0 10076

fn=(3284) 0x0000000000111c10
0 26
cob=(3)
cfi=(277)
cfn=(3286)
calls=13 24 
0 689

fn=(3660)
0 3
cob=(5)
cfi=(155)
cfn=(3662) 0x000000000000c220
calls=1 0 
0 105
0 2

fn=(650)
0 4872
cob=(3)
cfi=(186)
cfn=(648)
calls=2436 307 
0 41224

fn=(766)
0 386
cob=(3)
cfi=(207)
cfn=(768)
calls=193 53 
0 5749

fn=(838) 0x0000000000111cb0
0 48
cob=(3)
cfi=(228)
cfn=(840)
calls=24 26 
0 144

fn=(848) 0x0000000000111fa0
0 32
cob=(3)
cfi=(230)
cfn=(850)
calls=16 26 
0 224

fn=(964) 0x0000000000111b80
0 2
cob=(3)
cfi=(239)
cfn=(966)
calls=1 49 
0 51

fn=(1252) 0x0000000000111dd0
0 4
cob=(3)
cfi=(245)
cfn=(1254)
calls=2 36 
0 793

fn=(2540) 0x0000000000111e50
0 160
cob=(3)
cfi=(271)
cfn=(2542)
calls=80 38 
0 2534

fn=(3238) 0x0000000000111d50
0 78
cob=(3)
cfi=(276)
cfn=(3240)
calls=39 32 
0 2574

fn=(3698) 0x000000000483f040
0 2
cob=(3)
cfi=(301)
cfn=(3670)
calls=1 30 
0 72

fn=(488)
0 6
cob=(4) /usr/libexec/valgrind/vgpreload_core-amd64-linux.so
cfi=(150) ???
cfn=(492) 0x0000000000001170
calls=1 0 
0 12
0 1
cob=(4)
cfi=(150)
cfn=(500) 0x00000000000012f0
calls=1 0 
0 5
0 2

fn=(526)
0 6
cob=(5)
cfi=(155)
cfn=(530) 0x000000000000c2b0
calls=1 0 
0 12
0 1
cob=(5)
cfi=(155)
cfn=(538) 0x0000000000030490
calls=1 0 
0 5
0 2

fn=(544)
0 2
cob=(1)
cfi=(49)
cfn=(548)
calls=1 117 
0 5
cob=(1)
cfi=(146)
cfn=(466)
calls=1 67 
0 824
0 5

fn=(566) 0x0000000000111e10
0 2
cob=(3)
cfi=(163)
cfn=(568)
calls=1 218 
0 193805

fn=(584)
0 154
cob=(3)
cfi=(166)
cfn=(586)
calls=77 83 
0 2044

fn=(834) 0x00000000001119f0
0 2
cob=(3)
cfi=(227)
cfn=(836)
calls=1 65 
0 404

fn=(960) 0x0000000000111c00
0 260
cob=(3)
cfi=(238)
cfn=(962)
calls=130 71 
0 2494

fn=(1000) 0x0000000000111d40
0 2212
cob=(3)
cfi=(180)
cfn=(620)
calls=1106 3287 
0 200647

fn=(1088) 0x0000000000111ac0
0 6
cob=(3)
cfi=(241)
cfn=(1090)
calls=3 30 
0 313

fn=(1132) 0x0000000000111ca0
0 32110
cob=(3)
cfi=(186)
cfn=(1134)
calls=16055 301 
0 359086

fn=(3638) 0x0000000000111f00
0 2
cob=(3)
cfi=(296)
cfn=(3640)
calls=1 142 
0 1684

fn=(3690)
0 3
cob=(4)
cfi=(150)
cfn=(3692) 0x00000000000010e0
calls=1 0 
0 105
0 2

fn=(580)
0 3918
cob=(3)
cfi=(168)
cfn=(582)
calls=1959 50 
0 37151

fn=(782)
0 362
cob=(3)
cfi=(213)
cfn=(784)
calls=181 181 
0 238332

fn=(814)
0 632
cob=(3)
cfi=(168)
cfn=(816)
calls=316 50 
0 6205

fn=(880) 0x0000000000111d20
0 172
cob=(3)
cfi=(235)
cfn=(882)
calls=86 32 
0 602

fn=(1286) 0x00000000001118c0
0 218
cob=(3)
cfi=(252)
cfn=(1288)
calls=109 25 
0 436

fn=(1306) 0x0000000000111860
0 102
cob=(3)
cfi=(253)
cfn=(1308)
calls=51 24 
0 1734

fn=(1362) 0x0000000000111ff0
0 28
cob=(3)
cfi=(257)
cfn=(1364)
calls=14 25 
0 12884

fn=(1414) 0x0000000000111b70
0 8
cob=(3)
cfi=(213)
cfn=(784)
calls=4 181 
0 48

fn=(2472) 0x00000000001119b0
0 2
cob=(3)
cfi=(270)
cfn=(2474)
calls=1 30 
0 11

fn=(160)
0 2
cob=(1)
cfi=(52)
cfn=(162)
calls=1 225 
0 2782

fn=(2992) 0x0000000000111fb0
0 50
cob=(3)
cfi=(272)
cfn=(2994)
calls=25 21 
0 2618

fn=(598)
0 316
cob=(3)
cfi=(173)
cfn=(600)
calls=158 60 
0 4094

fn=(618)
0 3070
cob=(3)
cfi=(180)
cfn=(620)
calls=1535 3287 
0 236215

fn=(652)
0 370
cob=(3)
cfi=(180)
cfn=(654)
calls=185 3352 
0 8721

fn=(980) 0x0000000000111bf0
0 608
cob=(3)
cfi=(222)
cfn=(812)
calls=304 41 
0 65483

fn=(1334) 0x0000000000111d90
0 1408
cob=(3)
cfi=(255)
cfn=(1336)
calls=704 82 
0 26592

fn=(1560) 0x0000000000111bc0
0 10
cob=(3)
cfi=(264)
cfn=(1562)
calls=5 31 
0 860

fn=(1652) 0x0000000000111da0
0 130
cob=(3)
cfi=(266)
cfn=(1654)
calls=65 33 
0 12936

fn=(2592) 0x0000000000111940
0 160
cob=(3)
cfi=(203)
cfn=(746)
calls=80 306 
0 118636

fn=(3204) 0x0000000000111fc0
0 26
cob=(3)
cfi=(273)
cfn=(3206)
calls=13 23 
0 7588

fn=(3288) 0x0000000000111890
0 26
cob=(3)
cfi=(278)
cfn=(3290)
calls=13 49 
0 117

fn=(3634) 0x0000000000111aa0
0 2
cob=(3)
cfi=(249)
cfn=(3636)
calls=1 120 
0 6

fn=(574)
0 468
cob=(3)
cfi=(166)
cfn=(576)
calls=234 83 
0 5744

fn=(644)
0 100
cob=(3)
cfi=(186)
cfn=(646)
calls=50 294 
0 1054

fn=(828) 0x0000000000111a50
0 2
cob=(3)
cfi=(226)
cfn=(830)
calls=1 319 
0 285

fn=(872) 0x0000000000111e30
0 2
cob=(3)
cfi=(234)
cfn=(874)
calls=1 35 
0 52

fn=(1156) 0x0000000000111e40
0 1494
cob=(3)
cfi=(186)
cfn=(648)
calls=747 307 
0 9963

fn=(1284) 0x0000000000111820
0 110
cob=(3)
cfi=(250)
cfn=(1266)
calls=55 28 
0 845

fn=(1486) 0x0000000000111a20
0 10
cob=(3)
cfi=(261)
cfn=(1488)
calls=5 82 
0 1918

fn=(1718) 0x0000000000111910
0 1480
cob=(3)
cfi=(207)
cfn=(1720)
calls=740 53 
0 23366

fn=(2418) 0x0000000000111de0
0 40
cob=(3)
cfi=(180)
cfn=(720)
calls=20 3400 
0 3862

fn=(3292) 0x0000000000111880
0 26
cob=(3)
cfi=(279)
cfn=(3294)
calls=13 25 
0 247

fn=(3320) 0x0000000000111ea0
0 26
cob=(3)
cfi=(284)
cfn=(3322)
calls=13 29 
0 3907

fn=(460)
0 38
cob=(1)
cfi=(10)
cfn=(24)
calls=19 405 
0 391
cob=(1)
cfi=(146)
cfn=(466)
calls=1 67 
0 813
0 5

fn=(510)
0 26
cob=(3)
cfi=(153)
cfn=(512)
calls=13 46 
0 505

fn=(562) 0x0000000000111fe0
0 2
cob=(3)
cfi=(162)
cfn=(564)
calls=1 40 
0 4

fn=(890) 0x00000000001119a0
0 14
cob=(3)
cfi=(236)
cfn=(892)
calls=7 38 
0 259

fn=(920) 0x0000000000111b00
0 2714
cob=(3)
cfi=(153)
cfn=(512)
calls=1357 46 
0 42032

fn=(3338) 0x0000000000111a10
0 26
cob=(3)
cfi=(291)
cfn=(3340)
calls=13 26 
0 273

ob=(4)
fl=(150)
fn=(500)
0 5

fn=(492)
0 12

fn=(3692)
0 11
cob=(2)
cfi=(51)
cfn=(3698)
calls=1 0 
0 74
0 10
cfn=(3704) 0x0000000000001070
calls=1 0 
0 5
0 5

fn=(3704)
0 5

ob=(5)
fl=(155)
fn=(538)
0 5

fn=(886) 0x000000000001be70
0 16
cfn=(888) rpl_fcntl
calls=2 0 
0 174
0 18
cfn=(888)
calls=2 0 
0 180
0 12

fn=(944) jhash
0 77433

fn=(1042) 0x000000000001e870
0 988
cob=(2)
cfi=(51)
cfn=(1088)
calls=3 0 
0 319
0 27
cfn=(1102) 0x000000000001e5f0
calls=3 0 
0 7130
0 123

fn=(1296) 0x0000000000025710
0 1432
cob=(2)
cfi=(51)
cfn=(982)
calls=358 0 
0 11770

fn=(1312) set_default_suffixes
0 10
cfn=(1124) strcache_add
calls=1 0 
0 396
0 2
cfn=(1176) enter_file
calls=1 0 
0 568
0 23
cfn=(1314) parse_file_seq
calls=1 0 
0 35256
0 4
cfn=(1346) enter_prereqs
calls=1 0 
0 25428
0 192
cfn=(974) define_variable_in_set
calls=1 0 
0 1052
0 3

fn=(1510) 0x000000000000dc30
0 3344
cfn=(1130) jhash_string
calls=836 0 
0 206302
0 2508

fn=(1570) 0x000000000000c450
0 7554
cob=(2)
cfi=(51)
cfn=(982)
calls=1259 0 
0 35413

fn=(2088) split_prereqs
0 156
cfn=(1314)
calls=13 0 
0 28825
0 117

fn=(2324) 0x00000000000257e0
0 117119
cob=(2)
cfi=(51)
cfn=(982)
calls=3877 0 
0 94828
0 14767
cob=(2)
cfi=(51)
cfn=(982)
calls=192 0 
0 4665
0 45161

fn=(2480) reap_children
0 1196
cfn=(2448) output_dump
calls=12 0 
0 228
0 84
cob=(2)
cfi=(51)
cfn=(1306)
calls=12 0 
0 432
0 240
cfn=(3384) 0x000000000001dd30
calls=12 0 
0 63202
0 48
cob=(2)
cfi=(51)
cfn=(1306)
calls=12 0 
0 432
0 266
cfn=(3038) 0x0000000000019a30
calls=13 0 
0 204
0 477
cfn=(2812) notice_finished_file
calls=12 0 
0 744
0 659
cob=(2)
cfi=(51)
cfn=(3374)
calls=13 0 
0 260
0 123
cfn=(3054) 0x000000000001d170
calls=1 0 
0 13738
0 5
cob=(2)
cfi=(51)
cfn=(1306)
calls=1 0 
0 36
0 9

fn=(3038)
0 492

fn=(3050) 0x0000000000020180
0 240
cfn=(3054)
calls=12 0 
0 954164
0 408
cob=(2)
cfi=(51)
cfn=(1306)
calls=12 0 
0 432
0 12

fn=(3208) 0x000000000001c3d0
0 117
cfn=(3210) output_start
calls=13 0 
0 312
0 143
cob=(2)
cfi=(51)
cfn=(3218)
calls=13 0 
0 10102
0 91
cob=(2)
cfi=(51)
cfn=(3238)
calls=13 0 
0 884

fn=(844) 0x0000000000019f40
0 126
cob=(2)
cfi=(51)
cfn=(838)
calls=9 0 
0 72
0 27
cob=(2)
cfi=(51)
cfn=(848)
calls=9 0 
0 144
0 36
cob=(2)
cfi=(51)
cfn=(858)
calls=9 0 
0 765
0 99

fn=(936) hash_init_function_table
0 13
cfn=(938) hash_init
calls=1 0 
0 357
0 4
cfn=(940) hash_find_slot
calls=1 0 
0 97
0 105
cfn=(940)
calls=35 0 
0 3541
0 180
cfn=(948) hash_insert_at
calls=36 0 
0 1224
0 76

fn=(976) 0x000000000002b090
0 5970
cfn=(944)
calls=1194 0 
0 75328
0 3582

fn=(1102)
0 57
cfn=(1106) assign_variable_definition
calls=3 0 
0 1922
0 26
cfn=(1206) do_variable_definition
calls=2 0 
0 1887
0 6
cob=(2)
cfi=(51)
cfn=(1028)
calls=2 0 
0 182
0 54
cfn=(1116) 0x000000000001e530
calls=1 0 
0 552
0 2
cfn=(1124)
calls=1 0 
0 235
0 2
cfn=(1176)
calls=1 0 
0 489
0 10
cfn=(1026) lookup_variable
calls=1 0 
0 142
0 6
cob=(2)
cfi=(51)
cfn=(1000)
calls=2 0 
0 378
0 24
cfn=(974)
calls=1 0 
0 920
0 6
cob=(2)
cfi=(51)
cfn=(924)
calls=1 0 
0 226
0 4

fn=(1282) construct_include_path
0 20
cob=(2)
cfi=(51)
cfn=(1286)
calls=1 0 
0 6
0 10
cob=(2)
cfi=(51)
cfn=(1284)
calls=4 0 
0 67
0 57
cfn=(1206)
calls=1 0 
0 1253
0 14
cfn=(1206)
calls=2 0 
0 2616
0 30
cob=(2)
cfi=(51)
cfn=(1030)
calls=3 0 
0 48
0 32
cfn=(1290) strcache_add_len
calls=1 0 
0 516
0 8
cfn=(1290)
calls=2 0 
0 875
0 11
cob=(2)
cfi=(51)
cfn=(1000)
calls=1 0 
0 189
0 6

fn=(1316) 0x000000000001aee0
0 110240

fn=(1438) find_next_token
0 11

fn=(1440) file_exists_p
0 7553
cfn=(1332) ar_name
calls=581 0 
0 21913
0 3486
cob=(2)
cfi=(51)
cfn=(920)
calls=581 0 
0 19557
0 10023
cob=(2)
cfi=(51)
cfn=(1006)
calls=360 0 
0 6249
0 1080
cfn=(1442) 0x00000000000131f0
calls=360 0 
0 111885
0 1560
cfn=(1502) 0x0000000000012fe0
calls=120 0 
0 82122
0 6953
cfn=(1442)
calls=221 0 
0 53524
0 1547
cfn=(1502)
calls=221 0 
0 85685
0 442

fn=(1502)
0 11594
cob=(2)
cfi=(51)
cfn=(1030)
calls=341 0 
0 5489
0 1364
cfn=(940)
calls=341 0 
0 102007
0 2735
cob=(2)
cfi=(51)
cfn=(1286)
calls=5 0 
0 30
0 245
cob=(2)
cfi=(51)
cfn=(1030)
calls=45 0 
0 720
0 270
cfn=(940)
calls=45 0 
0 11786
0 135
cob=(2)
cfi=(51)
cfn=(1000)
calls=45 0 
0 5888
0 270
cfn=(1290)
calls=45 0 
0 18012
0 495
cfn=(948)
calls=45 0 
0 1530
0 495
cob=(2)
cfi=(51)
cfn=(1524)
calls=45 0 
0 1995
0 10
cob=(2)
cfi=(51)
cfn=(1524)
calls=5 0 
0 315
0 195
cob=(2)
cfi=(51)
cfn=(1560)
calls=5 0 
0 870
0 75
cob=(2)
cfi=(51)
cfn=(982)
calls=13 0 
0 586
0 696

fn=(2280) snap_deps
0 18
cfn=(1348) lookup_file
calls=1 0 
0 269
0 5
cfn=(1348)
calls=1 0 
0 421
0 5
cfn=(1348)
calls=1 0 
0 233
0 5
cfn=(1348)
calls=1 0 
0 406
0 5
cfn=(1348)
calls=1 0 
0 275
0 7
cfn=(1348)
calls=1 0 
0 428
0 4
cfn=(1348)
calls=1 0 
0 233
0 4
cfn=(1348)
calls=1 0 
0 233
0 4
cfn=(1348)
calls=1 0 
0 337
0 5
cfn=(1026)
calls=1 0 
0 174
0 2
cfn=(2282) expand_extra_prereqs
calls=1 0 
0 12
0 7775
cfn=(2284) copy_dep_chain
calls=14 0 
0 224
0 28

fn=(2286) convert_to_pattern
0 56
cob=(2)
cfi=(51)
cfn=(1030)
calls=35 0 
0 560
0 732
cfn=(2288) 0x0000000000028eb0
calls=35 0 
0 143011
0 210
cfn=(2288)
calls=14 0 
0 53806
0 175
cob=(2)
cfi=(51)
cfn=(1030)
calls=35 0 
0 560
0 175
cob=(2)
cfi=(51)
cfn=(1006)
calls=35 0 
0 659
0 2625
cob=(2)
cfi=(51)
cfn=(1030)
calls=1225 0 
0 19600
0 15149
cob=(2)
cfi=(51)
cfn=(1006)
calls=1190 0 
0 21624
0 2380
cfn=(1348)
calls=1190 0 
0 298116
0 3978
cfn=(2288)
calls=34 0 
0 161501
0 16593
cob=(2)
cfi=(51)
cfn=(982)
calls=326 0 
0 7498
0 3877

fn=(2404) install_default_implicit_rules
0 14
cfn=(2406) install_pattern_rule
calls=1 0 
0 5232
0 12
cfn=(2406)
calls=3 0 
0 25721
0 16
cfn=(2406)
calls=1 0 
0 9182
0 16
cfn=(2406)
calls=4 0 
0 35422
0 12

fn=(2448)
0 722

fn=(3076) construct_command_argv
0 234
cfn=(3078) allocated_variable_expand_for_file
calls=13 0 
0 27725
0 52
cfn=(3078)
calls=13 0 
0 19726
0 52
cfn=(3078)
calls=13 0 
0 16456
0 117
cfn=(3080) 0x000000000002f970
calls=13 0 
0 82753
0 39
cob=(2)
cfi=(51)
cfn=(1028)
calls=13 0 
0 1183
0 26
cob=(2)
cfi=(51)
cfn=(1028)
calls=13 0 
0 1183
0 26
cob=(2)
cfi=(51)
cfn=(1028)
calls=13 0 
0 1183
0 117

fn=(3080)
0 442
cob=(2)
cfi=(51)
cfn=(982)
calls=13 0 
0 299
0 130
cob=(2)
cfi=(51)
cfn=(1030)
calls=13 0 
0 420
0 78
cob=(2)
cfi=(51)
cfn=(1000)
calls=13 0 
0 3645
0 65
cob=(2)
cfi=(51)
cfn=(1000)
calls=13 0 
0 1541
0 15324
cob=(2)
cfi=(51)
cfn=(1002)
calls=1274 0 
0 29302
0 8750
cob=(2)
cfi=(51)
cfn=(1030)
calls=1 0 
0 16
0 3
cob=(2)
cfi=(51)
cfn=(1030)
calls=1 0 
0 28
0 3
cob=(2)
cfi=(51)
cfn=(1030)
calls=1 0 
0 16
0 12
cob=(2)
cfi=(51)
cfn=(1000)
calls=1 0 
0 199
0 11
cob=(2)
cfi=(51)
cfn=(1002)
calls=1 0 
0 23
0 18
cob=(2)
cfi=(51)
cfn=(1002)
calls=6 0 
0 138
0 83
cob=(2)
cfi=(51)
cfn=(1006)
calls=1 0 
0 20
0 1818
cfn=(3081) 0x000000000002f970'2
calls=1 0 
0 4968
0 3
cob=(2)
cfi=(51)
cfn=(1028)
calls=1 0 
0 91
0 496
cob=(2)
cfi=(51)
cfn=(1002)
calls=68 0 
0 1564
0 8163
cob=(2)
cfi=(51)
cfn=(1028)
calls=1 0 
0 91
0 2
cob=(2)
cfi=(51)
cfn=(1028)
calls=1 0 
0 91
0 4468
cob=(2)
cfi=(51)
cfn=(982)
calls=12 0 
0 312
0 120

fn=(3081)
0 40
cob=(2)
cfi=(51)
cfn=(1030)
calls=1 0 
0 32
0 6
cob=(2)
cfi=(51)
cfn=(1000)
calls=1 0 
0 437
0 5
cob=(2)
cfi=(51)
cfn=(1000)
calls=1 0 
0 45
0 1032
cob=(2)
cfi=(51)
cfn=(1002)
calls=86 0 
0 1978
0 1393

fn=(3270) target_environment
0 276
cfn=(938)
calls=12 0 
0 103283
0 2850
cfn=(940)
calls=516 0 
0 53460
0 117321
cfn=(940)
calls=12 0 
0 1620
0 192
cob=(2)
cfi=(51)
cfn=(1000)
calls=12 0 
0 680
0 44736
cfn=(1340) concat
calls=468 0 
0 112931
0 936
cob=(2)
cfi=(51)
cfn=(972)
calls=468 0 
0 107891
0 38760
cob=(2)
cfi=(51)
cfn=(1000)
calls=12 0 
0 684
0 156
cob=(2)
cfi=(51)
cfn=(1362)
calls=12 0 
0 11316
0 36
cob=(2)
cfi=(51)
cfn=(1028)
calls=12 0 
0 1576
0 1692
cfn=(948)
calls=516 0 
0 17544
0 624
cob=(2)
cfi=(51)
cfn=(982)
calls=12 0 
0 276
0 204
cfn=(1988) recursively_expand_for_file
calls=36 0 
0 62558
0 252
cfn=(1340)
calls=36 0 
0 8372
0 72
cob=(2)
cfi=(51)
cfn=(972)
calls=36 0 
0 4232
0 216
cob=(2)
cfi=(51)
cfn=(1028)
calls=36 0 
0 3276
0 36

fn=(3282) child_execute_job
0 247
cob=(2)
cfi=(51)
cfn=(880)
calls=13 0 
0 117
0 52
cob=(2)
cfi=(51)
cfn=(880)
calls=13 0 
0 117
0 52
cob=(2)
cfi=(51)
cfn=(880)
calls=13 0 
0 117
0 78
cob=(2)
cfi=(51)
cfn=(3284)
calls=13 0 
0 715
0 221
cob=(2)
cfi=(51)
cfn=(3288)
calls=13 0 
0 143
0 78
cob=(2)
cfi=(51)
cfn=(838)
calls=13 0 
0 104
0 39
cob=(2)
cfi=(51)
cfn=(3292)
calls=13 0 
0 273
0 117
cob=(2)
cfi=(51)
cfn=(880)
calls=13 0 
0 117
0 65
cob=(2)
cfi=(51)
cfn=(880)
calls=13 0 
0 117
0 65
cob=(2)
cfi=(51)
cfn=(880)
calls=13 0 
0 117
0 65
cob=(2)
cfi=(51)
cfn=(3296)
calls=13 0 
0 117
0 1963
cfn=(3300) find_in_given_path
calls=13 0 
0 64575
0 169
cob=(2)
cfi=(51)
cfn=(3320)
calls=13 0 
0 3933
0 156
cob=(2)
cfi=(51)
cfn=(1028)
calls=13 0 
0 163
0 62
cob=(2)
cfi=(51)
cfn=(3338)
calls=12 0 
0 276
0 24
cob=(2)
cfi=(51)
cfn=(3342)
calls=12 0 
0 60
0 14
cob=(2)
cfi=(51)
cfn=(972)
calls=1 0 
0 92
0 5
cob=(2)
cfi=(51)
cfn=(3338)
calls=1 0 
0 23
0 2
cob=(2)
cfi=(51)
cfn=(3342)
calls=1 0 
0 5
0 1

fn=(560) output_init
0 13

fn=(932) init_hash_files
0 7
cob=(2)
cfi=(51)
cfn=(924)
calls=1 0 
0 8435
0 16

fn=(942) 0x000000000000d910
0 190
cfn=(944)
calls=38 0 
0 2105
0 114

fn=(950) 0x000000000000c610
0 57
cob=(2)
cfi=(51)
cfn=(960)
calls=3 0 
0 66
0 4

fn=(970) xstrdup
0 3
cob=(2)
cfi=(51)
cfn=(972)
calls=1 0 
0 261
0 4

fn=(974)
0 6552
cfn=(940)
calls=252 0 
0 25467
0 6138
cob=(2)
cfi=(51)
cfn=(924)
calls=237 0 
0 57603
0 1422
cob=(2)
cfi=(51)
cfn=(980)
calls=237 0 
0 55932
0 1896
cfn=(948)
calls=237 0 
0 8058
0 1185
cob=(2)
cfi=(51)
cfn=(972)
calls=237 0 
0 56109
0 15502
cob=(2)
cfi=(51)
cfn=(1028)
calls=13 0 
0 1204
0 26
cob=(2)
cfi=(51)
cfn=(972)
calls=13 0 
0 1526
0 240

fn=(1128) 0x0000000000027dc0
0 3165
cfn=(1130)
calls=1055 0 
0 278248
0 3165

fn=(1360) define_automatic_variables
0 17
cob=(2)
cfi=(51)
cfn=(1362)
calls=1 0 
0 646
0 11
cfn=(974)
calls=1 0 
0 1024
0 15
cob=(2)
cfi=(51)
cfn=(1362)
calls=1 0 
0 950
0 9
cfn=(974)
calls=1 0 
0 1061
0 10
cfn=(974)
calls=1 0 
0 1020
0 10
cfn=(974)
calls=1 0 
0 190
0 11
cob=(2)
cfi=(51)
cfn=(1028)
calls=1 0 
0 91
0 6
cob=(2)
cfi=(51)
cfn=(972)
calls=1 0 
0 92
0 13
cfn=(974)
calls=1 0 
0 1022
0 13
cfn=(974)
calls=1 0 
0 929
0 9
cfn=(974)
calls=1 0 
0 929
0 9
cfn=(974)
calls=1 0 
0 929
0 9
cfn=(974)
calls=1 0 
0 929
0 9
cfn=(974)
calls=1 0 
0 929
0 9
cfn=(974)
calls=1 0 
0 929
0 9
cfn=(974)
calls=1 0 
0 929
0 9
cfn=(974)
calls=1 0 
0 931
0 9
cfn=(974)
calls=1 0 
0 931
0 9
cfn=(974)
calls=1 0 
0 931
0 9
cfn=(974)
calls=1 0 
0 971
0 9
cfn=(974)
calls=1 0 
0 931
0 9
cfn=(974)
calls=1 0 
0 931
0 9
cfn=(974)
calls=1 0 
0 931
0 13

fn=(1912) 0x000000000001b0d0
0 1328
cob=(2)
cfi=(51)
cfn=(1002)
calls=83 0 
0 2001
0 1024

fn=(2410) snap_implicit_rules
0 11
cfn=(1026)
calls=1 0 
0 174
0 2
cfn=(2282)
calls=1 0 
0 12
0 1462
cob=(2)
cfi=(51)
cfn=(1030)
calls=59 0 
0 944
0 236
cob=(2)
cfi=(51)
cfn=(920)
calls=59 0 
0 1537
0 245
cob=(2)
cfi=(51)
cfn=(1002)
calls=3 0 
0 69
0 565
cob=(2)
cfi=(51)
cfn=(1006)
calls=3 0 
0 57
0 9
cfn=(1442)
calls=3 0 
0 1979
0 209
cob=(2)
cfi=(51)
cfn=(1028)
calls=1 0 
0 91
0 1670
cob=(2)
cfi=(51)
cfn=(2418)
calls=1 0 
0 128
0 17
cob=(2)
cfi=(51)
cfn=(1000)
calls=1 0 
0 199
0 87

fn=(2470) file_timestamp_now
0 12
cob=(2)
cfi=(51)
cfn=(2472)
calls=1 0 
0 13
0 14
cfn=(2462) file_timestamp_cons
calls=1 0 
0 36

fn=(2594)
0 7204

fn=(2686) 0x000000000000c330
0 468

fn=(3034) new_job
0 240
cfn=(2480)
calls=12 0 
0 408
0 84
cob=(2)
cfi=(51)
cfn=(924)
calls=12 0 
0 3028
0 444
cob=(2)
cfi=(51)
cfn=(1000)
calls=12 0 
0 2228
0 514
cob=(2)
cfi=(51)
cfn=(1002)
calls=37 0 
0 997
0 280
cfn=(3036) variable_expand_for_file
calls=13 0 
0 47215
0 201
cfn=(3038)
calls=12 0 
0 288
0 204
cfn=(3050)
calls=12 0 
0 955256
0 156
cfn=(2480)
calls=12 0 
0 81907
0 1984

fn=(518)
0 12
cob=(3)
cfi=(156)
cfn=(520)
calls=1 242 
0 6033472

fn=(530)
0 12

fn=(558)
0 22
cfn=(560)
calls=1 0 
0 13
0 17
cob=(2)
cfi=(51)
cfn=(562)
calls=1 0 
0 6
0 2384
cob=(2)
cfi=(51)
cfn=(566)
calls=1 0 
0 193807
0 3
cob=(2)
cfi=(51)
cfn=(828)
calls=1 0 
0 287
0 2
cob=(2)
cfi=(51)
cfn=(834)
calls=1 0 
0 406
0 3
cob=(2)
cfi=(51)
cfn=(838)
calls=1 0 
0 8
0 4
cfn=(844)
calls=1 0 
0 141
0 5
cob=(2)
cfi=(51)
cfn=(848)
calls=1 0 
0 16
0 3
cfn=(844)
calls=1 0 
0 141
0 5
cob=(2)
cfi=(51)
cfn=(848)
calls=1 0 
0 16
0 3
cfn=(844)
calls=1 0 
0 141
0 5
cob=(2)
cfi=(51)
cfn=(848)
calls=1 0 
0 16
0 3
cfn=(844)
calls=1 0 
0 141
0 5
cob=(2)
cfi=(51)
cfn=(848)
calls=1 0 
0 16
0 3
cfn=(844)
calls=1 0 
0 141
0 5
cob=(2)
cfi=(51)
cfn=(848)
calls=1 0 
0 16
0 3
cfn=(844)
calls=1 0 
0 141
0 5
cob=(2)
cfi=(51)
cfn=(848)
calls=1 0 
0 16
0 3
cfn=(844)
calls=1 0 
0 141
0 1
cfn=(870) 0x000000000001c110
calls=1 0 
0 676
0 8
cob=(2)
cfi=(51)
cfn=(920)
calls=1 0 
0 27
0 7
cfn=(922) init_hash_global_variable_set
calls=1 0 
0 8458
0 1
cfn=(930) strcache_init
calls=1 0 
0 65809
0 1
cfn=(932)
calls=1 0 
0 8458
0 1
cfn=(934) hash_init_directories
calls=1 0 
0 4632
0 1
cfn=(936)
calls=1 0 
0 5597
0 5
cob=(2)
cfi=(51)
cfn=(964)
calls=1 0 
0 53
0 5
cfn=(970)
calls=1 0 
0 268
0 15
cfn=(974)
calls=1 0 
0 933
0 11
cfn=(974)
calls=1 0 
0 964
0 11
cfn=(974)
calls=1 0 
0 937
0 10
cfn=(974)
calls=1 0 
0 930
0 10
cfn=(974)
calls=1 0 
0 986
0 2444
cfn=(974)
calls=35 0 
0 37522
0 806
cfn=(986) 0x000000000001f370
calls=1 0 
0 1363
0 11
cfn=(974)
calls=1 0 
0 921
0 3
cfn=(986)
calls=1 0 
0 1114
0 26
cfn=(1042)
calls=1 0 
0 8587
0 8
cob=(2)
cfi=(51)
cfn=(880)
calls=1 0 
0 9
0 2
cob=(2)
cfi=(51)
cfn=(1246)
calls=1 0 
0 57
0 5
cob=(2)
cfi=(51)
cfn=(880)
calls=1 0 
0 9
0 2
cob=(2)
cfi=(51)
cfn=(1246)
calls=1 0 
0 57
0 27
cfn=(1026)
calls=1 0 
0 135
0 34
cob=(2)
cfi=(51)
cfn=(1002)
calls=1 0 
0 23
0 20
cfn=(974)
calls=1 0 
0 1061
0 10
cfn=(974)
calls=1 0 
0 962
0 11
cob=(2)
cfi=(51)
cfn=(1030)
calls=1 0 
0 16
0 3
cob=(2)
cfi=(51)
cfn=(1030)
calls=1 0 
0 16
0 14
cob=(2)
cfi=(51)
cfn=(1030)
calls=2 0 
0 40
0 28
cfn=(1270) 0x0000000000019ab0
calls=1 0 
0 158
0 3
cfn=(1270)
calls=1 0 
0 56
0 12
cfn=(1270)
calls=2 0 
0 962
0 22
cfn=(974)
calls=1 0 
0 996
0 10
cfn=(974)
calls=1 0 
0 1106
0 11
cob=(2)
cfi=(51)
cfn=(984)
calls=1 0 
0 34
0 10
cob=(2)
cfi=(51)
cfn=(982)
calls=2 0 
0 46
0 6
cob=(2)
cfi=(51)
cfn=(972)
calls=1 0 
0 236
0 7
cob=(2)
cfi=(51)
cfn=(972)
calls=1 0 
0 240
0 17
cfn=(1282)
calls=1 0 
0 5758
0 13
cfn=(974)
calls=1 0 
0 867
0 9
cfn=(1026)
calls=1 0 
0 142
0 5
cob=(2)
cfi=(51)
cfn=(880)
calls=1 0 
0 9
0 2
cob=(2)
cfi=(51)
cfn=(1252)
calls=1 0 
0 302
0 13
cfn=(974)
calls=1 0 
0 1065
0 8
cfn=(1026)
calls=1 0 
0 142
0 5
cob=(2)
cfi=(51)
cfn=(880)
calls=1 0 
0 9
0 2
cob=(2)
cfi=(51)
cfn=(1252)
calls=1 0 
0 495
0 13
cfn=(974)
calls=1 0 
0 1065
0 8
cfn=(844)
calls=1 0 
0 141
0 2
cob=(2)
cfi=(51)
cfn=(838)
calls=1 0 
0 8
0 3
cob=(2)
cfi=(51)
cfn=(848)
calls=1 0 
0 16
0 4
cob=(2)
cfi=(51)
cfn=(1306)
calls=1 0 
0 36
0 5
cfn=(844)
calls=1 0 
0 141
0 1
cfn=(1312)
calls=1 0 
0 62934
0 1
cfn=(1350) install_default_suffix_rules
calls=1 0 
0 61267
0 1
cfn=(1360)
calls=1 0 
0 19401
0 3
cfn=(1378) 0x000000000001b4f0
calls=1 0 
0 2785
0 2
cfn=(1434) define_default_variables
calls=1 0 
0 64838
0 2
cfn=(1124)
calls=1 0 
0 396
0 2
cfn=(1176)
calls=1 0 
0 561
0 13
cfn=(974)
calls=1 0 
0 964
0 18
cfn=(1436) read_all_makefiles
calls=1 0 
0 295986
0 10
cfn=(986)
calls=1 0 
0 1071
0 11
cfn=(974)
calls=1 0 
0 427
0 3
cfn=(986)
calls=1 0 
0 1028
0 39
cfn=(1378)
calls=1 0 
0 1902
0 1
cfn=(2280)
calls=1 0 
0 11112
0 1
cfn=(2286)
calls=1 0 
0 752885
0 1
cfn=(2404)
calls=1 0 
0 75627
0 1
cfn=(2410)
calls=1 0 
0 9703
0 1
cfn=(2420) build_vpath_lists
calls=1 0 
0 4175
0 12
cfn=(2446) output_close
calls=1 0 
0 42
0 33
cfn=(2478) update_goal_chain
calls=1 0 
0 3588129
0 10
cfn=(3606) die
calls=1 0 
0 8509
0 28
cfn=(1378)
calls=1 0 
0 1902
0 9
cfn=(2478)
calls=1 0 
0 697901
0 19
cfn=(2450) f_mtime
calls=1 0 
0 288
0 4
cfn=(1378)
calls=1 0 
0 1890
0 5

fn=(1124)
0 10192
cfn=(940)
calls=784 0 
0 268210
0 28044
cob=(2)
cfi=(51)
cfn=(1156)
calls=565 0 
0 8299
0 20
cob=(2)
cfi=(51)
cfn=(1156)
calls=2 0 
0 33
0 11781
cfn=(948)
calls=567 0 
0 19278
0 577
cob=(2)
cfi=(51)
cfn=(1000)
calls=2 0 
0 559
0 4734
cob=(2)
cfi=(51)
cfn=(1030)
calls=784 0 
0 12808
0 7056

fn=(1126) 0x0000000000028b10
0 3523
cfn=(940)
calls=271 0 
0 67944
0 7623
cob=(2)
cfi=(51)
cfn=(1156)
calls=116 0 
0 1845
0 1968
cfn=(948)
calls=1 0 
0 34
0 460
cfn=(948)
calls=115 0 
0 3910
0 116

fn=(1444) 0x000000000000dc10
0 5096
cfn=(1130)
calls=1274 0 
0 207324
0 3822

fn=(1470) 0x000000000000c2d0
0 25

fn=(1630) fd_noinherit
0 10
cfn=(888)
calls=1 0 
0 87
0 12
cfn=(888)
calls=1 0 
0 90
0 6

fn=(1736) 0x0000000000021f60
0 1141
cfn=(1108) parse_variable_definition
calls=34 0 
0 9868
0 2582
cob=(2)
cfi=(51)
cfn=(984)
calls=1 0 
0 29
0 31
cob=(2)
cfi=(51)
cfn=(984)
calls=2 0 
0 63
0 12
cob=(2)
cfi=(51)
cfn=(984)
calls=2 0 
0 58
0 72

fn=(2428) expand_argument
0 114
cob=(2)
cfi=(51)
cfn=(1006)
calls=2 0 
0 30
0 18
cfn=(999) variable_expand_string'2
calls=2 0 
0 1912
0 10
cob=(2)
cfi=(51)
cfn=(1028)
calls=2 0 
0 12
0 2

fn=(3018) 0x0000000000025a30
0 143
cob=(2)
cfi=(51)
cfn=(1030)
calls=13 0 
0 208
0 195

fn=(3252) is_bourne_compatible_shell
0 91
cob=(2)
cfi=(51)
cfn=(920)
calls=13 0 
0 356
0 52
cob=(2)
cfi=(51)
cfn=(920)
calls=13 0 
0 319
0 675
cob=(2)
cfi=(51)
cfn=(982)
calls=85 0 
0 2214
0 325

fn=(870)
0 7
cob=(2)
cfi=(51)
cfn=(872)
calls=1 0 
0 54
0 2
cob=(2)
cfi=(51)
cfn=(880)
calls=1 0 
0 9
0 2
cfn=(886)
calls=1 0 
0 200
0 3
cob=(2)
cfi=(51)
cfn=(880)
calls=1 0 
0 9
0 2
cfn=(886)
calls=1 0 
0 200
0 2
cob=(2)
cfi=(51)
cfn=(880)
calls=1 0 
0 9
0 4
cfn=(888)
calls=1 0 
0 87
0 9
cob=(2)
cfi=(51)
cfn=(918)
calls=1 0 
0 77

fn=(940)
0 76944
cfn=(3028) 0x000000000000dbd0
calls=40 0 
0 13136
cfn=(1510)
calls=836 0 
0 212154
cfn=(1470)
calls=5 0 
0 25
cfn=(1444)
calls=1274 0 
0 216242
cfn=(1178) 0x000000000000dc50
calls=1970 0 
0 453548
cfn=(1128)
calls=1055 0 
0 284578
cfn=(976)
calls=1194 0 
0 84880
cfn=(942)
calls=38 0 
0 2409
0 80519
cfn=(1578) 0x000000000000c470
calls=260 0 
0 2374
cfn=(1570)
calls=1259 0 
0 42967
cfn=(1352) 0x000000000000c4a0
calls=284 0 
0 9720
cfn=(1300) 0x0000000000025af0
calls=168 0 
0 4204
cfn=(1296)
calls=358 0 
0 13202
cfn=(950)
calls=7 0 
0 127
0 7144
cfn=(2686)
calls=156 0 
0 468
cfn=(2402) 0x00000000000256f0
calls=43 0 
0 129
cfn=(1376) 0x0000000000025700
calls=42 0 
0 126
cfn=(1358) 0x000000000000c340
calls=195 0 
0 585
cfn=(954) 0x000000000000c350
calls=5 0 
0 15
0 71963

fn=(996) variable_expand
0 20
cfn=(998) variable_expand_string
calls=4 0 
0 4236

fn=(1026)
0 2553
cfn=(940)
calls=111 0 
0 13567
0 909
cfn=(940)
calls=303 0 
0 35044
0 4752

fn=(1130)
0 87975
cob=(2)
cfi=(51)
cfn=(1030)
calls=5175 0 
0 85902
0 51750
cob=(2)
cfi=(51)
cfn=(1132)
calls=5175 0 
0 126207
0 13706
cob=(2)
cfi=(51)
cfn=(1132)
calls=1958 0 
0 47306
0 327848
cob=(2)
cfi=(51)
cfn=(1132)
calls=5253 0 
0 128701
0 83810
cob=(2)
cfi=(51)
cfn=(1132)
calls=3047 0 
0 74404
0 116679

fn=(1340)
0 61112
cob=(2)
cfi=(51)
cfn=(1030)
calls=2216 0 
0 40828
0 15389
cob=(2)
cfi=(51)
cfn=(2418)
calls=1 0 
0 380
0 17
cob=(2)
cfi=(51)
cfn=(1006)
calls=2 0 
0 252
0 10890
cob=(2)
cfi=(51)
cfn=(1006)
calls=2178 0 
0 39066
0 35138
cob=(2)
cfi=(51)
cfn=(1000)
calls=1 0 
0 185
0 2

fn=(1352)
0 1665
cob=(2)
cfi=(51)
cfn=(982)
calls=245 0 
0 7977
0 78

fn=(1358)
0 585

fn=(1376)
0 126

fn=(1436)
0 22
cfn=(974)
calls=1 0 
0 1102
0 18
cfn=(998)
calls=1 0 
0 1143
0 13
cfn=(1438)
calls=1 0 
0 11
0 5
cob=(2)
cfi=(51)
cfn=(1028)
calls=1 0 
0 91
0 20
cfn=(1440)
calls=3 0 
0 13458
0 11
cfn=(1588) 0x0000000000024d40
calls=1 0 
0 280069
0 1
cob=(2)
cfi=(51)
cfn=(1286)
calls=1 0 
0 6
0 16

fn=(1764) try_variable_definition
0 147
cfn=(1106)
calls=7 0 
0 5512
0 91
cfn=(1206)
calls=7 0 
0 4451
0 21
cob=(2)
cfi=(51)
cfn=(1028)
calls=7 0 
0 637
0 77

fn=(2288)
0 1328
cob=(2)
cfi=(51)
cfn=(1000)
calls=83 0 
0 16233
0 415
cob=(2)
cfi=(51)
cfn=(1000)
calls=83 0 
0 16047
0 581
cob=(2)
cfi=(51)
cfn=(1030)
calls=83 0 
0 1328
0 1826
cob=(2)
cfi=(51)
cfn=(1006)
calls=83 0 
0 1529
0 249
cfn=(1290)
calls=83 0 
0 25811
0 511
cob=(2)
cfi=(51)
cfn=(1030)
calls=48 0 
0 768
0 1056
cob=(2)
cfi=(51)
cfn=(1006)
calls=48 0 
0 898
0 144
cob=(2)
cfi=(51)
cfn=(924)
calls=48 0 
0 11546
0 288
cfn=(1290)
calls=48 0 
0 14188
0 144
cob=(2)
cfi=(51)
cfn=(1000)
calls=48 0 
0 9834
0 70
cob=(2)
cfi=(51)
cfn=(1000)
calls=35 0 
0 7420
0 913
cob=(2)
cfi=(51)
cfn=(1000)
calls=83 0 
0 16189
0 498
cob=(2)
cfi=(51)
cfn=(1030)
calls=83 0 
0 1328
0 415
cfn=(2324)
calls=83 0 
0 225433
0 1328

fn=(2482) 0x000000000002d780
0 218
cfn=(2450)
calls=1 0 
0 208
0 22
cfn=(2862) 0x000000000002d1f0
calls=1 0 
0 3464566
0 87
cfn=(2510) try_implicit_rule
calls=1 0 
0 697269
0 166
cfn=(2450)
calls=1 0 
0 208
0 19
cfn=(3014) execute_file_commands
calls=1 0 
0 121285
0 2
cfn=(2940) 0x000000000000de50
calls=1 0 
0 937
0 6
cfn=(2812)
calls=1 0 
0 47
0 10

fn=(2483) 0x000000000002d780'2
0 2487
cfn=(2450)
calls=21 0 
0 4317
0 462
cfn=(2863) 0x000000000002d1f0'2
calls=21 0 
0 6866372
0 1435
cfn=(2510)
calls=11 0 
0 2252645
0 1828
cfn=(2812)
calls=1 0 
0 45
0 495
cfn=(3014)
calls=11 0 
0 1186158
0 22
cfn=(2940)
calls=11 0 
0 10400
0 61
cfn=(2812)
calls=10 0 
0 470
0 102

fn=(2666) vpath_search
0 14800

fn=(2762) file_impossible
0 884
cob=(2)
cfi=(51)
cfn=(920)
calls=68 0 
0 2229
0 712
cob=(2)
cfi=(51)
cfn=(1006)
calls=24 0 
0 405
0 72
cfn=(1442)
calls=24 0 
0 8151
0 524
cob=(2)
cfi=(51)
cfn=(1000)
calls=68 0 
0 19434
0 340
cob=(2)
cfi=(51)
cfn=(1030)
calls=68 0 
0 1099
0 272
cfn=(1290)
calls=68 0 
0 25592
0 544
cfn=(940)
calls=68 0 
0 19526
0 272
cfn=(948)
calls=68 0 
0 2312
0 700
cfn=(1442)
calls=44 0 
0 10384
0 88

fn=(2812)
0 1306

fn=(3036)
0 325
cfn=(998)
calls=13 0 
0 46786
0 104

fn=(3210)
0 624

fn=(954)
0 15

fn=(1008) handle_function
0 2400
cfn=(1010) 0x000000000000d420
calls=96 0 
0 5251
0 492
cfn=(2428)
calls=2 0 
0 2098
0 28
cfn=(2430) 0x000000000000fe40
calls=2 0 
0 82
0 16
cob=(2)
cfi=(51)
cfn=(1028)
calls=2 0 
0 182
0 1258

fn=(1009) handle_function'2
0 50
cfn=(1010)
calls=2 0 
0 92
0 30

fn=(1010)
0 4379
cfn=(940)
calls=2 0 
0 270
0 694

fn=(1106)
0 150
cfn=(1108)
calls=10 0 
0 1573
0 218
cob=(2)
cfi=(51)
cfn=(1006)
calls=9 0 
0 162
0 81
cfn=(998)
calls=9 0 
0 5075
0 175

fn=(1108)
0 11441

fn=(1116)
0 12
cfn=(1124)
calls=1 0 
0 526
0 3
cob=(2)
cfi=(51)
cfn=(1028)
calls=1 0 
0 6
0 5

fn=(1176)
0 2160
cfn=(940)
calls=135 0 
0 32116
0 2506
cob=(2)
cfi=(51)
cfn=(924)
calls=97 0 
0 23719
0 1358
cfn=(948)
calls=97 0 
0 3298
0 211

fn=(1178)
0 7880
cfn=(1130)
calls=1970 0 
0 439758
0 5910

fn=(1378)
0 2265
cob=(2)
cfi=(51)
cfn=(1414)
calls=4 0 
0 56
0 752
cfn=(974)
calls=4 0 
0 2191
0 49
cob=(2)
cfi=(51)
cfn=(1030)
calls=3 0 
0 50
0 12
cfn=(1026)
calls=3 0 
0 658
0 84
cfn=(974)
calls=4 0 
0 2216
0 146

fn=(2004) strip_whitespace
0 317

fn=(2430)
0 82

fn=(2452) 0x0000000000027950
0 590
cob=(2)
cfi=(51)
cfn=(1286)
calls=14 0 
0 84
0 150
cob=(2)
cfi=(51)
cfn=(1284)
calls=36 0 
0 618
0 204
cfn=(2462)
calls=22 0 
0 792
0 626

fn=(2512) 0x0000000000017e20
0 276
cob=(2)
cfi=(51)
cfn=(1030)
calls=12 0 
0 200
0 96
cob=(2)
cfi=(51)
cfn=(1000)
calls=12 0 
0 700
0 348
cob=(2)
cfi=(51)
cfn=(1000)
calls=12 0 
0 19889
0 28496
cob=(2)
cfi=(51)
cfn=(984)
calls=8 0 
0 80
0 7270
cob=(2)
cfi=(51)
cfn=(982)
calls=50 0 
0 1190
0 35886
cob=(2)
cfi=(51)
cfn=(1002)
calls=736 0 
0 16928
0 3952
cob=(2)
cfi=(51)
cfn=(984)
calls=4 0 
0 40
0 2270
cob=(2)
cfi=(51)
cfn=(2592)
calls=12 0 
0 61534
0 17910
cob=(2)
cfi=(51)
cfn=(1132)
calls=92 0 
0 2153
0 6364
cob=(2)
cfi=(51)
cfn=(1002)
calls=196 0 
0 4508
0 2548
cob=(2)
cfi=(51)
cfn=(1006)
calls=196 0 
0 3072
0 1176
cob=(2)
cfi=(51)
cfn=(1006)
calls=196 0 
0 3033
0 588
cob=(2)
cfi=(51)
cfn=(1718)
calls=196 0 
0 6544
0 1764
cfn=(1314)
calls=196 0 
0 258499
0 4936
cob=(2)
cfi=(51)
cfn=(1028)
calls=12 0 
0 1808
0 24
cob=(2)
cfi=(51)
cfn=(1028)
calls=12 0 
0 1092
0 3868
cfn=(2648) file_impossible_p
calls=196 0 
0 140011
0 4604
cob=(2)
cfi=(51)
cfn=(1028)
calls=196 0 
0 21480
0 1574
cfn=(1348)
calls=162 0 
0 67852
0 648
cfn=(1440)
calls=162 0 
0 152350
0 1134
cfn=(2666)
calls=162 0 
0 4050
0 2196
cfn=(2513) 0x0000000000017e20'2
calls=34 0 
0 1992727
0 476
cfn=(2762)
calls=34 0 
0 49439
0 1498
cob=(2)
cfi=(51)
cfn=(1006)
calls=104 0 
0 1755
0 1008
cob=(2)
cfi=(51)
cfn=(1132)
calls=104 0 
0 2483
0 624
cob=(2)
cfi=(51)
cfn=(1006)
calls=104 0 
0 1524
0 568
cob=(2)
cfi=(51)
cfn=(1006)
calls=8 0 
0 135
0 160
cfn=(1332)
calls=12 0 
0 453
0 84
cob=(2)
cfi=(51)
cfn=(2540)
calls=12 0 
0 406
0 772

fn=(2513)
0 1564
cob=(2)
cfi=(51)
cfn=(1030)
calls=68 0 
0 1131
0 544
cob=(2)
cfi=(51)
cfn=(1000)
calls=68 0 
0 3540
0 1972
cob=(2)
cfi=(51)
cfn=(1000)
calls=68 0 
0 27905
0 141942
cob=(2)
cfi=(51)
cfn=(984)
calls=24 0 
0 240
0 36149
cob=(2)
cfi=(51)
cfn=(982)
calls=116 0 
0 2976
0 166037
cob=(2)
cfi=(51)
cfn=(1002)
calls=1848 0 
0 42504
0 17343
cob=(2)
cfi=(51)
cfn=(984)
calls=44 0 
0 440
0 11078
cob=(2)
cfi=(51)
cfn=(2592)
calls=68 0 
0 57262
0 32816
cob=(2)
cfi=(51)
cfn=(1132)
calls=306 0 
0 7077
0 13938
cob=(2)
cfi=(51)
cfn=(1002)
calls=426 0 
0 9798
0 5538
cob=(2)
cfi=(51)
cfn=(1006)
calls=426 0 
0 7138
0 2556
cob=(2)
cfi=(51)
cfn=(1006)
calls=426 0 
0 6675
0 1278
cob=(2)
cfi=(51)
cfn=(1718)
calls=426 0 
0 14390
0 3834
cfn=(1314)
calls=426 0 
0 556146
0 10854
cob=(2)
cfi=(51)
cfn=(1028)
calls=68 0 
0 15750
0 136
cob=(2)
cfi=(51)
cfn=(1028)
calls=68 0 
0 6188
0 8910
cfn=(2648)
calls=426 0 
0 227031
0 10034
cob=(2)
cfi=(51)
cfn=(1028)
calls=426 0 
0 46841
0 2636
cfn=(1348)
calls=416 0 
0 158247
0 1664
cfn=(1440)
calls=416 0 
0 247771
0 2912
cfn=(2666)
calls=416 0 
0 10400
0 3720
cfn=(2513)
calls=34 0 
0 1240943
0 476
cfn=(2762)
calls=34 0 
0 44101
0 2712
cob=(2)
cfi=(51)
cfn=(1006)
calls=120 0 
0 2025
0 1488
cob=(2)
cfi=(51)
cfn=(1132)
calls=120 0 
0 2865
0 720
cob=(2)
cfi=(51)
cfn=(1006)
calls=120 0 
0 1740
0 936
cob=(2)
cfi=(51)
cfn=(1006)
calls=24 0 
0 405
0 360
cfn=(1332)
calls=68 0 
0 2572
0 476
cob=(2)
cfi=(51)
cfn=(2540)
calls=68 0 
0 2288
0 2658

fn=(3016) initialize_file_variables
0 286
cfn=(3017) initialize_file_variables'2
calls=11 0 
0 3931
0 256
cfn=(3018)
calls=10 0 
0 420
0 50
cob=(2)
cfi=(51)
cfn=(1000)
calls=10 0 
0 1240
0 50
cob=(2)
cfi=(51)
cfn=(1000)
calls=10 0 
0 608
0 90
cfn=(938)
calls=10 0 
0 4725
0 40

fn=(3017)
0 722
cfn=(3017)
calls=20 0 
0 2535
0 576
cfn=(3018)
calls=3 0 
0 126
0 15
cob=(2)
cfi=(51)
cfn=(1000)
calls=3 0 
0 451
0 15
cob=(2)
cfi=(51)
cfn=(1000)
calls=3 0 
0 451
0 27
cfn=(938)
calls=3 0 
0 1536
0 12

fn=(3026) set_file_variables
0 180
cfn=(1332)
calls=12 0 
0 444
0 456
cfn=(974)
calls=12 0 
0 9652
0 108
cfn=(974)
calls=12 0 
0 11484
0 108
cfn=(974)
calls=12 0 
0 11850
0 108
cfn=(974)
calls=12 0 
0 11838
0 288
cob=(2)
cfi=(51)
cfn=(1030)
calls=20 0 
0 328
0 312
cob=(2)
cfi=(51)
cfn=(1006)
calls=20 0 
0 284
0 300
cfn=(1332)
calls=20 0 
0 749
0 80
cob=(2)
cfi=(51)
cfn=(1030)
calls=20 0 
0 328
0 256
cfn=(974)
calls=12 0 
0 11077
0 232
cfn=(938)
calls=12 0 
0 59537
0 136
cfn=(940)
calls=20 0 
0 7188
0 140
cfn=(948)
calls=20 0 
0 680
0 312
cfn=(940)
calls=20 0 
0 7348
0 260
cfn=(1332)
calls=20 0 
0 749
0 80
cob=(2)
cfi=(51)
cfn=(1030)
calls=20 0 
0 328
0 80
cob=(2)
cfi=(51)
cfn=(1006)
calls=20 0 
0 284
0 260
cob=(2)
cfi=(51)
cfn=(1006)
calls=20 0 
0 284
0 304
cob=(2)
cfi=(51)
cfn=(1028)
calls=12 0 
0 1779
0 156
cfn=(974)
calls=12 0 
0 12287
0 168
cfn=(974)
calls=12 0 
0 11670
0 144
cfn=(974)
calls=12 0 
0 11628
0 287
cob=(2)
cfi=(51)
cfn=(2418)
calls=3 0 
0 1043
0 56
cob=(2)
cfi=(51)
cfn=(2418)
calls=3 0 
0 815
0 95
cfn=(1332)
calls=12 0 
0 444
0 48
cfn=(1124)
calls=12 0 
0 4140
0 24
cfn=(1176)
calls=12 0 
0 3648
0 318
cob=(2)
cfi=(51)
cfn=(1030)
calls=141 0 
0 2256
0 1011
cob=(2)
cfi=(51)
cfn=(984)
calls=84 0 
0 2632
0 1496
cob=(2)
cfi=(51)
cfn=(1000)
calls=1 0 
0 199
0 4
cob=(2)
cfi=(51)
cfn=(1000)
calls=1 0 
0 205
0 4
cob=(2)
cfi=(51)
cfn=(1000)
calls=1 0 
0 205
0 50
cob=(2)
cfi=(51)
cfn=(1030)
calls=12 0 
0 192
0 51
cfn=(1290)
calls=9 0 
0 4464
0 36

fn=(3078)
0 1248
cfn=(998)
calls=39 0 
0 62152
0 507

fn=(3300)
0 425
cfn=(3302) concatenated_filename
calls=1 0 
0 625
0 6
cob=(2)
cfi=(51)
cfn=(3306)
calls=1 0 
0 86
0 167
cob=(2)
cfi=(51)
cfn=(972)
calls=12 0 
0 10764
0 10392
cfn=(3302)
calls=84 0 
0 26461
0 504
cob=(2)
cfi=(51)
cfn=(3306)
calls=84 0 
0 4632
0 240
cob=(2)
cfi=(51)
cfn=(1286)
calls=72 0 
0 432
0 504
cob=(2)
cfi=(51)
cfn=(1028)
calls=72 0 
0 6552
0 468
cob=(2)
cfi=(51)
cfn=(982)
calls=12 0 
0 292
0 48
cob=(2)
cfi=(51)
cfn=(1028)
calls=12 0 
0 1838
0 15
cob=(2)
cfi=(51)
cfn=(982)
calls=1 0 
0 27
0 5
cob=(2)
cfi=(51)
cfn=(1028)
calls=1 0 
0 91
0 1

fn=(3302)
0 1445
cob=(2)
cfi=(51)
cfn=(1030)
calls=85 0 
0 1360
0 425
cob=(2)
cfi=(51)
cfn=(1718)
calls=85 0 
0 2720
0 935
cob=(2)
cfi=(51)
cfn=(1030)
calls=85 0 
0 1464
0 852
cob=(2)
cfi=(51)
cfn=(1030)
calls=85 0 
0 1360
0 340
cob=(2)
cfi=(51)
cfn=(1000)
calls=85 0 
0 10191
0 595
cob=(2)
cfi=(51)
cfn=(1006)
calls=85 0 
0 1215
0 676
cob=(2)
cfi=(51)
cfn=(3304)
calls=84 0 
0 2548
0 2
cob=(2)
cfi=(51)
cfn=(3304)
calls=1 0 
0 30
0 928

fn=(3606)
0 19
cfn=(3608) remove_intermediates
calls=1 0 
0 6765
0 8
cfn=(3628) 0x000000000001d950
calls=1 0 
0 9
0 12
cob=(2)
cfi=(51)
cfn=(3634)
calls=1 0 
0 8
0 2
cob=(2)
cfi=(51)
cfn=(3638)
calls=1 0 
0 1686

fn=(3628)
0 9

fn=(3646)
0 7
cob=(2)
cfi=(51)
cfn=(1686)
calls=1 0 
0 10
0 3
cob=(2)
cfi=(51)
cfn=(2238)
calls=1 0 
0 427
0 6

fn=(888)
0 204
cob=(2)
cfi=(51)
cfn=(890)
calls=4 0 
0 156
0 135
cob=(2)
cfi=(51)
cfn=(890)
calls=3 0 
0 117
0 6

fn=(922)
0 7
cob=(2)
cfi=(51)
cfn=(924)
calls=1 0 
0 8435
0 16

fn=(930)
0 7
cob=(2)
cfi=(51)
cfn=(924)
calls=1 0 
0 65786
0 16

fn=(938)
0 1591
cob=(2)
cfi=(51)
cfn=(924)
calls=43 0 
0 169288
0 860

fn=(986)
0 172
cfn=(996)
calls=4 0 
0 4256
0 28
cob=(2)
cfi=(51)
cfn=(1030)
calls=4 0 
0 64
0 56

fn=(998)
0 3299
cob=(2)
cfi=(51)
cfn=(980)
calls=28 0 
0 2965
0 872
cob=(2)
cfi=(51)
cfn=(1002)
calls=83 0 
0 2023
0 435
cob=(2)
cfi=(51)
cfn=(1002)
calls=145 0 
0 3503
0 1182
cfn=(1004) variable_buffer_output
calls=83 0 
0 3548
0 830
cfn=(1008)
calls=83 0 
0 10894
0 630
cob=(2)
cfi=(51)
cfn=(1030)
calls=145 0 
0 2544
0 580
cfn=(1004)
calls=145 0 
0 6364
0 435
cob=(2)
cfi=(51)
cfn=(1028)
calls=145 0 
0 13195
0 580
cfn=(1004)
calls=145 0 
0 6525
0 2682
cob=(2)
cfi=(51)
cfn=(1002)
calls=81 0 
0 1863
0 7806
cfn=(1026)
calls=81 0 
0 43616
0 891
cob=(2)
cfi=(51)
cfn=(1030)
calls=63 0 
0 1280
0 252
cfn=(1004)
calls=63 0 
0 2991
0 251
cob=(2)
cfi=(51)
cfn=(1028)
calls=31 0 
0 186
0 179
cob=(2)
cfi=(51)
cfn=(972)
calls=117 0 
0 18544
0 511
cob=(2)
cfi=(51)
cfn=(1028)
calls=50 0 
0 4550
0 100
cob=(2)
cfi=(51)
cfn=(1028)
calls=50 0 
0 300
0 250
cfn=(1989) recursively_expand_for_file'2
calls=12 0 
0 22761
cfn=(1988)
calls=38 0 
0 24441
0 1086
cob=(2)
cfi=(51)
cfn=(1000)
calls=99 0 
0 5457
0 693

fn=(999)
0 1338
cob=(2)
cfi=(51)
cfn=(1002)
calls=15 0 
0 345
0 156
cob=(2)
cfi=(51)
cfn=(1002)
calls=52 0 
0 1372
0 291
cfn=(1004)
calls=15 0 
0 630
0 180
cfn=(1008)
calls=12 0 
0 792
0 18
cfn=(1008)
calls=1 0 
0 121
cfn=(1009)
calls=2 0 
0 172
0 164
cob=(2)
cfi=(51)
cfn=(1030)
calls=52 0 
0 964
0 208
cfn=(1004)
calls=52 0 
0 2340
0 156
cob=(2)
cfi=(51)
cfn=(1028)
calls=52 0 
0 4732
0 208
cfn=(1004)
calls=52 0 
0 2340
0 824
cob=(2)
cfi=(51)
cfn=(1002)
calls=15 0 
0 345
0 3593
cfn=(1026)
calls=15 0 
0 10440
0 175
cob=(2)
cfi=(51)
cfn=(1030)
calls=13 0 
0 354
0 52
cfn=(1004)
calls=13 0 
0 656
0 69
cob=(2)
cfi=(51)
cfn=(1028)
calls=15 0 
0 90
0 82
cob=(2)
cfi=(51)
cfn=(972)
calls=52 0 
0 9361
0 632
cob=(2)
cfi=(51)
cfn=(1000)
calls=52 0 
0 2340
0 364

fn=(1004)
0 11620
cob=(2)
cfi=(51)
cfn=(1006)
calls=581 0 
0 10257
0 4067

fn=(1290)
0 5149
cfn=(1126)
calls=271 0 
0 87423
0 3143
cob=(2)
cfi=(51)
cfn=(1006)
calls=9 0 
0 133
0 45

fn=(1314)
0 23724
cob=(2)
cfi=(51)
cfn=(1030)
calls=659 0 
0 10848
0 21996
cfn=(1316)
calls=704 0 
0 100111
0 10560
cob=(2)
cfi=(51)
cfn=(1006)
calls=704 0 
0 10386
0 19008
cob=(2)
cfi=(51)
cfn=(1334)
calls=704 0 
0 28000
0 13784
cfn=(1340)
calls=704 0 
0 81956
0 2816
cob=(2)
cfi=(51)
cfn=(924)
calls=704 0 
0 126062
0 5632
cfn=(1124)
calls=704 0 
0 343796
0 8448
cob=(2)
cfi=(51)
cfn=(1028)
calls=704 0 
0 4224
0 1408
cob=(2)
cfi=(51)
cfn=(1028)
calls=704 0 
0 4224
0 1994
cob=(2)
cfi=(51)
cfn=(1030)
calls=645 0 
0 10584
0 3402
cfn=(1332)
calls=704 0 
0 26345
0 10560
cob=(2)
cfi=(51)
cfn=(1002)
calls=704 0 
0 16489
0 19966
cob=(2)
cfi=(51)
cfn=(1000)
calls=1 0 
0 185
0 2

fn=(1350)
0 14
cfn=(1124)
calls=1 0 
0 266
0 48
cfn=(1124)
calls=48 0 
0 16815
0 98
cfn=(1176)
calls=49 0 
0 22237
0 147
cob=(2)
cfi=(51)
cfn=(1000)
calls=49 0 
0 9117
0 343
cob=(2)
cfi=(51)
cfn=(972)
calls=49 0 
0 11688
0 494

fn=(1578)
0 1279
cob=(2)
cfi=(51)
cfn=(982)
calls=19 0 
0 854
0 241

fn=(1822) 0x0000000000021240
0 288
cob=(2)
cfi=(51)
cfn=(984)
calls=2 0 
0 58
0 14
cob=(2)
cfi=(51)
cfn=(984)
calls=2 0 
0 58
0 9
cob=(2)
cfi=(51)
cfn=(984)
calls=1 0 
0 29
0 170

fn=(2064) 0x0000000000022180
0 392
cfn=(2068) find_percent_cached
calls=14 0 
0 868
0 3976
cfn=(2088)
calls=13 0 
0 29098
0 39
cob=(2)
cfi=(51)
cfn=(1028)
calls=13 0 
0 1183
0 91
cfn=(1346)
calls=13 0 
0 23167
0 130
cob=(2)
cfi=(51)
cfn=(1028)
calls=13 0 
0 1335
0 9
cob=(2)
cfi=(51)
cfn=(1028)
calls=1 0 
0 91
0 613
cfn=(1124)
calls=14 0 
0 4683
0 28
cfn=(1176)
calls=14 0 
0 5166
0 408
cob=(2)
cfi=(51)
cfn=(1000)
calls=13 0 
0 2505
0 169
cob=(2)
cfi=(51)
cfn=(980)
calls=13 0 
0 3336
0 193

fn=(2282)
0 24

fn=(2406)
0 135
cob=(2)
cfi=(51)
cfn=(1000)
calls=9 0 
0 1845
0 63
cob=(2)
cfi=(51)
cfn=(1000)
calls=9 0 
0 1791
0 54
cob=(2)
cfi=(51)
cfn=(1000)
calls=9 0 
0 1791
0 54
cob=(2)
cfi=(51)
cfn=(1000)
calls=9 0 
0 1791
0 63
cob=(2)
cfi=(51)
cfn=(1030)
calls=9 0 
0 144
0 36
cfn=(2068)
calls=9 0 
0 288
0 99
cfn=(1314)
calls=9 0 
0 11808
0 36
cfn=(2324)
calls=9 0 
0 51107
0 162
cob=(2)
cfi=(51)
cfn=(1000)
calls=9 0 
0 1845
0 81
cob=(2)
cfi=(51)
cfn=(972)
calls=9 0 
0 2310
0 54

fn=(2648)
0 8086
cob=(2)
cfi=(51)
cfn=(920)
calls=622 0 
0 20721
0 10076
cob=(2)
cfi=(51)
cfn=(1006)
calls=368 0 
0 6384
0 1104
cfn=(1442)
calls=368 0 
0 126397
0 3890
cob=(2)
cfi=(51)
cfn=(1030)
calls=382 0 
0 6147
0 1528
cfn=(940)
calls=382 0 
0 114207
0 8050
cfn=(1442)
calls=254 0 
0 59944
0 508

fn=(2940)
0 360
cob=(2)
cfi=(51)
cfn=(2992)
calls=13 0 
0 1519
0 274
cob=(2)
cfi=(51)
cfn=(1000)
calls=12 0 
0 540
0 168
cob=(2)
cfi=(51)
cfn=(1002)
calls=12 0 
0 433
0 5
cob=(2)
cfi=(51)
cfn=(1002)
calls=1 0 
0 23
0 208
cob=(2)
cfi=(51)
cfn=(980)
calls=13 0 
0 2494
0 209
cob=(2)
cfi=(51)
cfn=(1000)
calls=12 0 
0 1946
0 161
cob=(2)
cfi=(51)
cfn=(2992)
calls=12 0 
0 1149
0 252
cob=(2)
cfi=(51)
cfn=(2418)
calls=12 0 
0 1536
0 60

fn=(3054)
0 11608
cfn=(3076)
calls=13 0 
0 150872
0 390
cfn=(2448)
calls=13 0 
0 247
0 221
cfn=(3252)
calls=13 0 
0 4032
0 91
cfn=(3210)
calls=13 0 
0 312
0 39
cob=(2)
cfi=(51)
cfn=(3238)
calls=13 0 
0 884
0 39
cob=(2)
cfi=(51)
cfn=(3238)
calls=13 0 
0 884
0 273
cob=(2)
cfi=(51)
cfn=(1306)
calls=13 0 
0 468
0 151
cfn=(3282)
calls=12 0 
0 68762
0 206
cob=(2)
cfi=(51)
cfn=(1028)
calls=13 0 
0 1183
0 26
cob=(2)
cfi=(51)
cfn=(1028)
calls=13 0 
0 1226
0 39
cob=(2)
cfi=(51)
cfn=(1030)
calls=13 0 
0 420
0 78
cfn=(3202) message
calls=13 0 
0 21253
0 191
cfn=(3282)
calls=1 0 
0 5894
0 29
cfn=(3270)
calls=12 0 
0 698058
0 26

fn=(3202)
0 260
cob=(2)
cfi=(51)
cfn=(1030)
calls=13 0 
0 208
0 52
cob=(2)
cfi=(51)
cfn=(1030)
calls=13 0 
0 208
0 286
cob=(2)
cfi=(51)
cfn=(3204)
calls=13 0 
0 7614
0 26
cob=(2)
cfi=(51)
cfn=(1030)
calls=13 0 
0 400
0 247
cfn=(3208)
calls=13 0 
0 11649
0 26
cob=(2)
cfi=(51)
cfn=(1000)
calls=1 0 
0 275
0 2

fn=(3384)
0 72
cfn=(2446)
calls=12 0 
0 504
0 300
cob=(2)
cfi=(51)
cfn=(1028)
calls=12 0 
0 1092
0 3
cob=(2)
cfi=(51)
cfn=(1028)
calls=1 0 
0 91
0 90
cob=(2)
cfi=(51)
cfn=(1028)
calls=12 0 
0 1092
0 588
cob=(2)
cfi=(51)
cfn=(1028)
calls=516 0 
0 53658
0 2100
cob=(2)
cfi=(51)
cfn=(1028)
calls=12 0 
0 1092
0 24
cob=(2)
cfi=(51)
cfn=(1028)
calls=12 0 
0 1344
0 60
cob=(2)
cfi=(51)
cfn=(1028)
calls=12 0 
0 1092

fn=(3662)
0 11
cob=(2)
cfi=(51)
cfn=(3668)
calls=1 0 
0 74
0 10
cfn=(3680) 0x000000000000c1b0
calls=1 0 
0 5
0 5

fn=(3680)
0 5

fn=(1206)
0 320
cob=(2)
cfi=(51)
cfn=(1030)
calls=4 0 
0 64
0 24
cfn=(1026)
calls=4 0 
0 828
0 38
cob=(2)
cfi=(51)
cfn=(1030)
calls=3 0 
0 48
0 27
cob=(2)
cfi=(51)
cfn=(1030)
calls=3 0 
0 48
0 9
cob=(2)
cfi=(51)
cfn=(1000)
calls=3 0 
0 583
0 42
cob=(2)
cfi=(51)
cfn=(1006)
calls=3 0 
0 45
0 6
cob=(2)
cfi=(51)
cfn=(1028)
calls=3 0 
0 18
0 141
cob=(2)
cfi=(51)
cfn=(1030)
calls=11 0 
0 176
0 99
cfn=(974)
calls=11 0 
0 7733
0 110
cob=(2)
cfi=(51)
cfn=(1028)
calls=11 0 
0 321
0 4
cob=(2)
cfi=(51)
cfn=(1028)
calls=2 0 
0 12
0 186
cob=(2)
cfi=(51)
cfn=(1030)
calls=2 0 
0 32
0 6
cfn=(1026)
calls=2 0 
0 374
0 51
cob=(2)
cfi=(51)
cfn=(1006)
calls=2 0 
0 26
0 15

fn=(1434)
0 17
cob=(2)
cfi=(51)
cfn=(1030)
calls=1 0 
0 16
0 189
cob=(2)
cfi=(51)
cfn=(1030)
calls=63 0 
0 1008
0 640
cfn=(974)
calls=64 0 
0 62644
0 324

fn=(1724) collapse_continuations
0 517
cob=(2)
cfi=(51)
cfn=(1002)
calls=47 0 
0 1410
0 470

fn=(1872) 0x0000000000019b10
0 1964

fn=(1988)
0 3214
cfn=(998)
calls=36 0 
0 59858
cfn=(999)
calls=38 0 
0 21975
0 1952

fn=(1989)
0 480
cfn=(999)
calls=12 0 
0 22017
0 264

fn=(2012) xstrndup
0 39
cob=(2)
cfi=(51)
cfn=(980)
calls=13 0 
0 1364
0 52

fn=(2068)
0 458
cob=(2)
cfi=(51)
cfn=(1002)
calls=15 0 
0 345
0 353

fn=(2402)
0 129

fn=(2446)
0 78
cfn=(2448)
calls=13 0 
0 247
0 221

fn=(2462)
0 828

fn=(2478)
0 38
cfn=(2284)
calls=2 0 
0 170
0 34
cfn=(2480)
calls=2 0 
0 68
0 66
cfn=(2482)
calls=2 0 
0 4285050
0 142
cob=(2)
cfi=(51)
cfn=(1028)
calls=2 0 
0 224
0 10
cfn=(2450)
calls=1 0 
0 208
0 20

fn=(2862)
0 45
cfn=(2483)
calls=1 0 
0 3464507
0 14

fn=(2863)
0 945
cfn=(2483)
calls=21 0 
0 6862792
0 369
cfn=(2450)
calls=11 0 
0 2189
0 77

fn=(3028)
0 360
cfn=(1130)
calls=40 0 
0 12656
0 120

fn=(3608)
0 6765

fn=(934)
0 7
cob=(2)
cfi=(51)
cfn=(924)
calls=1 0 
0 2295
0 19
cob=(2)
cfi=(51)
cfn=(924)
calls=1 0 
0 2295
0 16

fn=(948)
0 58548

fn=(1270)
0 1176

fn=(1300)
0 1475
cob=(2)
cfi=(51)
cfn=(960)
calls=127 0 
0 2688
0 41

fn=(1332)
0 10339
cob=(2)
cfi=(51)
cfn=(1002)
calls=1477 0 
0 34785
0 10339

fn=(1346)
0 494
cfn=(1348)
calls=57 0 
0 15103
0 764
cfn=(1176)
calls=56 0 
0 32122
0 112

fn=(1348)
0 21805
cfn=(940)
calls=405 0 
0 125538
0 5720
cfn=(940)
calls=1430 0 
0 374532
0 14820

fn=(1442)
0 20384
cfn=(940)
calls=1274 0 
0 313811
0 22917
cob=(2)
cfi=(51)
cfn=(1030)
calls=15 0 
0 240
0 45
cob=(2)
cfi=(51)
cfn=(1000)
calls=15 0 
0 2049
0 90
cfn=(1290)
calls=15 0 
0 6435
0 90
cfn=(948)
calls=15 0 
0 510
0 25
cob=(2)
cfi=(51)
cfn=(1286)
calls=10 0 
0 60
0 65
cob=(2)
cfi=(51)
cfn=(1284)
calls=15 0 
0 270
0 80
cfn=(940)
calls=5 0 
0 180
0 60
cob=(2)
cfi=(51)
cfn=(1000)
calls=5 0 
0 369
0 55
cfn=(948)
calls=5 0 
0 170
0 5
cob=(2)
cfi=(51)
cfn=(1286)
calls=5 0 
0 30
0 25
cob=(2)
cfi=(51)
cfn=(1486)
calls=5 0 
0 1928
0 45
cfn=(938)
calls=5 0 
0 2301
0 25

fn=(1588)
0 15
cob=(2)
cfi=(51)
cfn=(924)
calls=1 0 
0 508
0 18
cob=(2)
cfi=(51)
cfn=(1286)
calls=1 0 
0 6
0 6
cob=(2)
cfi=(51)
cfn=(1602)
calls=1 0 
0 461
0 12
cfn=(1124)
calls=1 0 
0 338
0 3
cfn=(1348)
calls=1 0 
0 262
0 7
cob=(2)
cfi=(51)
cfn=(1028)
calls=1 0 
0 6
0 7
cob=(2)
cfi=(51)
cfn=(880)
calls=1 0 
0 9
0 2
cfn=(1630)
calls=1 0 
0 205
0 7
cfn=(1206)
calls=1 0 
0 1179
0 3
cob=(2)
cfi=(51)
cfn=(1000)
calls=1 0 
0 45
0 14
cfn=(1640) 0x0000000000022d30
calls=1 0 
0 275718
0 4
cob=(2)
cfi=(51)
cfn=(2238)
calls=1 0 
0 545
0 2
cob=(2)
cfi=(51)
cfn=(1028)
calls=1 0 
0 91
0 17
cfn=(1176)
calls=1 0 
0 577
0 2

fn=(1640)
0 20
cob=(2)
cfi=(51)
cfn=(1000)
calls=1 0 
0 201
0 24
cfn=(1646) 0x0000000000021ce0
calls=1 0 
0 1050
0 256
cfn=(1646)
calls=64 0 
0 20965
0 673
cob=(2)
cfi=(51)
cfn=(1030)
calls=47 0 
0 1109
0 480
cob=(2)
cfi=(51)
cfn=(1006)
calls=14 0 
0 224
0 289
cob=(2)
cfi=(51)
cfn=(1718)
calls=33 0 
0 1192
0 66
cfn=(1724)
calls=33 0 
0 1681
0 99
cfn=(1316)
calls=33 0 
0 6006
0 342
cfn=(1736)
calls=33 0 
0 6808
0 1337
cfn=(1822)
calls=14 0 
0 626
0 50
cob=(2)
cfi=(51)
cfn=(1028)
calls=4 0 
0 279
0 8
cob=(2)
cfi=(51)
cfn=(1000)
calls=4 0 
0 496
0 55
cfn=(1764)
calls=7 0 
0 10936
0 175
cfn=(2064)
calls=1 0 
0 2744
0 3
cob=(2)
cfi=(51)
cfn=(1028)
calls=1 0 
0 91
0 2
cob=(2)
cfi=(51)
cfn=(1028)
calls=1 0 
0 91
0 163
cob=(2)
cfi=(51)
cfn=(984)
calls=1 0 
0 29
0 334
cfn=(2064)
calls=13 0 
0 74736
0 78
cfn=(1316)
calls=13 0 
0 3999
0 5
cfn=(1316)
calls=1 0 
0 124
0 140
cfn=(998)
calls=14 0 
0 5534
0 196
cfn=(1912)
calls=28 0 
0 1456
0 140
cfn=(1872)
calls=14 0 
0 392
0 84
cob=(2)
cfi=(51)
cfn=(1030)
calls=14 0 
0 224
0 140
cfn=(998)
calls=14 0 
0 5404
0 224
cfn=(1912)
calls=28 0 
0 1428
0 88
cob=(2)
cfi=(51)
cfn=(984)
calls=1 0 
0 29
0 34
cob=(2)
cfi=(51)
cfn=(984)
calls=2 0 
0 58
0 48
cfn=(1724)
calls=14 0 
0 716
0 98
cfn=(1872)
calls=14 0 
0 1572
0 588
cfn=(1314)
calls=14 0 
0 15976
0 280
cfn=(1736)
calls=14 0 
0 7048
0 168
cfn=(1912)
calls=14 0 
0 760
0 126
cob=(2)
cfi=(51)
cfn=(1002)
calls=14 0 
0 368
0 84
cob=(2)
cfi=(51)
cfn=(1030)
calls=14 0 
0 256
0 70
cfn=(2004)
calls=14 0 
0 317
0 371
cob=(2)
cfi=(51)
cfn=(1030)
calls=13 0 
0 208
0 39
cob=(2)
cfi=(51)
cfn=(1030)
calls=13 0 
0 240
0 65
cfn=(1004)
calls=13 0 
0 550
0 74
cob=(2)
cfi=(51)
cfn=(1002)
calls=1 0 
0 23
0 4214
cob=(2)
cfi=(51)
cfn=(1030)
calls=1225 0 
0 19600
0 6125
cob=(2)
cfi=(51)
cfn=(984)
calls=1225 0 
0 38850
0 13689
cfn=(2012)
calls=13 0 
0 1455
0 176
cfn=(974)
calls=1 0 
0 433
0 107
cfn=(998)
calls=13 0 
0 6768
0 91
cfn=(1912)
calls=13 0 
0 709
0 39

fn=(1646)
0 1752
cob=(2)
cfi=(51)
cfn=(1652)
calls=65 0 
0 13066
0 258
cob=(2)
cfi=(51)
cfn=(1030)
calls=64 0 
0 1397
0 907
cob=(2)
cfi=(51)
cfn=(1686)
calls=1 0 
0 10
0 847
cob=(2)
cfi=(51)
cfn=(1030)
calls=64 0 
0 1024
0 256
cob=(2)
cfi=(51)
cfn=(1156)
calls=64 0 
0 1280
0 448
cob=(2)
cfi=(51)
cfn=(1686)
calls=64 0 
0 640
0 130

fn=(2284)
0 148
cob=(2)
cfi=(51)
cfn=(1000)
calls=2 0 
0 90
0 156

fn=(2420)
0 17
cfn=(998)
calls=1 0 
0 2149
0 8
cfn=(998)
calls=1 0 
0 1989
0 12

fn=(2450)
0 576
cfn=(1332)
calls=36 0 
0 1341
0 1604
cfn=(2452)
calls=36 0 
0 3064
0 270
cfn=(2666)
calls=14 0 
0 350
0 58
cfn=(2470)
calls=1 0 
0 75
0 80

fn=(2510)
0 216
cfn=(2512)
calls=12 0 
0 2949053
0 168
cfn=(1332)
calls=12 0 
0 453
0 24

fn=(3014)
0 242
cfn=(3016)
calls=12 0 
0 11696
0 24
cfn=(3026)
calls=12 0 
0 199987
0 60
cfn=(3034)
calls=12 0 
0 1095434

totals: 6264808
